scenario,duration_s,seed,accepted_alignments,possible_alignments,pair_precision,wrong_alignments,wrong_after_cycle_check,correct_vetoed,commit
harbor,90.0,0,16,20,1.0,0,0,0,d40b8ed-dirty
harbor,90.0,1,17,20,1.0,0,0,0,d40b8ed-dirty
harbor,90.0,2,16,20,1.0,0,0,0,d40b8ed-dirty
harbor,90.0,3,16,20,1.0,0,0,0,d40b8ed-dirty
harbor,90.0,4,16,20,1.0,0,0,0,d40b8ed-dirty
harbor,90.0,5,16,20,1.0,0,0,0,d40b8ed-dirty
harbor,90.0,6,18,20,1.0,0,0,0,d40b8ed-dirty
harbor,90.0,7,16,20,1.0,0,0,0,d40b8ed-dirty
harbor,90.0,8,16,20,1.0,0,0,0,d40b8ed-dirty
harbor,90.0,9,16,20,1.0,0,0,0,d40b8ed-dirty
harbor,90.0,10,19,20,0.980440097799511,1,0,0,d40b8ed-dirty
harbor,90.0,11,16,20,1.0,0,0,0,d40b8ed-dirty
harbor,90.0,12,16,20,1.0,0,0,0,d40b8ed-dirty
harbor,90.0,13,17,20,0.9787798408488063,1,0,0,d40b8ed-dirty
harbor,90.0,14,16,20,1.0,0,0,0,d40b8ed-dirty
harbor,90.0,15,16,20,1.0,0,0,0,d40b8ed-dirty
harbor,90.0,16,16,20,1.0,0,0,0,d40b8ed-dirty
harbor,90.0,17,18,20,0.9578947368421052,2,0,0,d40b8ed-dirty
harbor,90.0,18,16,20,1.0,0,0,0,d40b8ed-dirty
harbor,90.0,19,16,20,1.0,0,0,0,d40b8ed-dirty
harbor,90.0,20,16,20,1.0,0,0,0,d40b8ed-dirty
harbor,90.0,21,17,20,1.0,0,0,0,d40b8ed-dirty
harbor,90.0,22,16,20,1.0,0,0,0,d40b8ed-dirty
harbor,90.0,23,18,20,0.959079283887468,2,0,0,d40b8ed-dirty
harbor,90.0,24,18,20,0.9562043795620438,2,0,0,d40b8ed-dirty
harbor,90.0,25,16,20,1.0,0,0,0,d40b8ed-dirty
harbor,90.0,26,16,20,1.0,0,0,0,d40b8ed-dirty
harbor,90.0,27,17,20,1.0,0,0,0,d40b8ed-dirty
harbor,90.0,28,18,20,1.0,0,0,0,d40b8ed-dirty
harbor,90.0,29,18,20,0.9812646370023419,1,0,0,d40b8ed-dirty
harbor,90.0,30,18,20,0.9535452322738386,2,0,0,d40b8ed-dirty
harbor,90.0,31,15,20,1.0,0,0,0,d40b8ed-dirty
harbor,90.0,32,16,20,1.0,0,0,0,d40b8ed-dirty
harbor,90.0,33,19,20,0.9806763285024155,1,0,0,d40b8ed-dirty
harbor,90.0,34,17,20,1.0,0,0,0,d40b8ed-dirty
harbor,90.0,35,17,20,1.0,0,0,0,d40b8ed-dirty
harbor,90.0,36,16,20,1.0,0,0,0,d40b8ed-dirty
harbor,90.0,37,16,20,1.0,0,0,0,d40b8ed-dirty
harbor,90.0,38,16,20,1.0,0,0,0,d40b8ed-dirty
harbor,90.0,39,17,20,1.0,0,0,0,d40b8ed-dirty
harbor,90.0,40,16,20,1.0,0,0,0,d40b8ed-dirty
harbor,90.0,41,16,20,1.0,0,0,0,d40b8ed-dirty
harbor,90.0,42,19,20,0.958656330749354,2,0,0,d40b8ed-dirty
harbor,90.0,43,16,20,1.0,0,0,0,d40b8ed-dirty
harbor,90.0,44,16,20,1.0,0,0,0,d40b8ed-dirty
harbor,90.0,45,16,20,1.0,0,0,0,d40b8ed-dirty
harbor,90.0,46,16,20,1.0,0,0,0,d40b8ed-dirty
harbor,90.0,47,16,20,1.0,0,0,0,d40b8ed-dirty
harbor,90.0,48,17,20,1.0,0,0,0,d40b8ed-dirty
harbor,90.0,49,16,20,1.0,0,0,0,d40b8ed-dirty
