preset,acoustic_bps,scheduler,seed,team_connected_s,team_merged,team_ate_m,uuv_frame_err_xy_m,acoustic_bytes,commit
fleet_default,16.0,fifo,0,,False,0.10977999600687337,,465,ad5241f
fleet_default,16.0,fifo,1,,False,0.09880894756692257,,465,ad5241f
fleet_default,16.0,fifo,2,,False,0.11519793867773585,,465,ad5241f
fleet_default,16.0,fifo,3,,False,0.10972879768292933,,465,ad5241f
fleet_default,16.0,fifo,4,,False,0.13231063648335406,,465,ad5241f
fleet_default,16.0,fifo,5,,False,0.15027132948883842,,465,ad5241f
fleet_default,16.0,fifo,6,,False,0.11122940242858848,,465,ad5241f
fleet_default,16.0,fifo,7,,False,0.10374219963006624,,465,ad5241f
fleet_default,16.0,fifo,8,,False,0.11176957176632461,,465,ad5241f
fleet_default,16.0,fifo,9,,False,0.15519832015910187,,465,ad5241f
fleet_default,16.0,quality,0,,False,0.10977999600687337,,465,ad5241f
fleet_default,16.0,quality,1,,False,0.09880894756692257,,465,ad5241f
fleet_default,16.0,quality,2,,False,0.11519793867773585,,465,ad5241f
fleet_default,16.0,quality,3,,False,0.10972879768292933,,465,ad5241f
fleet_default,16.0,quality,4,,False,0.13231063648335406,,465,ad5241f
fleet_default,16.0,quality,5,,False,0.15027132948883842,,465,ad5241f
fleet_default,16.0,quality,6,,False,0.11122940242858848,,465,ad5241f
fleet_default,16.0,quality,7,,False,0.10374219963006624,,465,ad5241f
fleet_default,16.0,quality,8,,False,0.11176957176632461,,465,ad5241f
fleet_default,16.0,quality,9,,False,0.15519832015910187,,465,ad5241f
fleet_default,16.0,voi,0,,False,0.10977999600687337,,465,ad5241f
fleet_default,16.0,voi,1,,False,0.09880894756692257,,465,ad5241f
fleet_default,16.0,voi,2,,False,0.11519793867773585,,465,ad5241f
fleet_default,16.0,voi,3,,False,0.10972879768292933,,465,ad5241f
fleet_default,16.0,voi,4,,False,0.13231063648335406,,465,ad5241f
fleet_default,16.0,voi,5,,False,0.15027132948883842,,465,ad5241f
fleet_default,16.0,voi,6,,False,0.11122940242858848,,465,ad5241f
fleet_default,16.0,voi,7,,False,0.10374219963006624,,465,ad5241f
fleet_default,16.0,voi,8,,False,0.11176957176632461,,465,ad5241f
fleet_default,16.0,voi,9,,False,0.15505282414899063,,465,ad5241f
fleet_default,32.0,fifo,0,,False,0.09415795075420204,,1116,ad5241f
fleet_default,32.0,fifo,1,,False,0.08298992455001188,,1116,ad5241f
fleet_default,32.0,fifo,2,560.0,True,0.08911121556998931,0.08616035277315542,1116,ad5241f
fleet_default,32.0,fifo,3,560.0,True,0.12524429033759996,0.17389394242078554,1116,ad5241f
fleet_default,32.0,fifo,4,560.0,True,0.13445753529435292,0.08350845522711306,1116,ad5241f
fleet_default,32.0,fifo,5,,False,0.12539990832447326,,1116,ad5241f
fleet_default,32.0,fifo,6,,False,0.0889566822714853,,1116,ad5241f
fleet_default,32.0,fifo,7,560.0,True,0.11519050197679316,0.22100267980809835,1116,ad5241f
fleet_default,32.0,fifo,8,,False,0.10889135259434138,,1116,ad5241f
fleet_default,32.0,fifo,9,,False,0.1382779237930805,,1116,ad5241f
fleet_default,32.0,quality,0,560.0,True,0.09827641423933796,0.13026266619274218,1116,ad5241f
fleet_default,32.0,quality,1,520.0,True,0.09814526328828901,0.08935017270294593,1116,ad5241f
fleet_default,32.0,quality,2,480.0,True,0.1012340745680948,0.10364926881740585,1116,ad5241f
fleet_default,32.0,quality,3,,False,0.09497553088577074,,1116,ad5241f
fleet_default,32.0,quality,4,520.0,True,0.13546044427555493,0.06172731486951828,1116,ad5241f
fleet_default,32.0,quality,5,540.0,True,0.13972149093310263,0.21005853324630916,1116,ad5241f
fleet_default,32.0,quality,6,520.0,True,0.12314920141405598,0.168879851670725,1116,ad5241f
fleet_default,32.0,quality,7,540.0,True,0.13214387569164196,0.20813786972509002,1116,ad5241f
fleet_default,32.0,quality,8,,False,0.11349163749230783,,1116,ad5241f
fleet_default,32.0,quality,9,560.0,True,0.2119355517159421,0.19378392626977045,1116,ad5241f
fleet_default,32.0,voi,0,,False,0.09166826639663093,,1116,ad5241f
fleet_default,32.0,voi,1,520.0,True,0.1168749108536669,0.04589965803358963,1116,ad5241f
fleet_default,32.0,voi,2,560.0,True,0.09867524478364935,0.14111406479597782,1116,ad5241f
fleet_default,32.0,voi,3,,False,0.09394860818137818,,1116,ad5241f
fleet_default,32.0,voi,4,560.0,True,0.13152519318420824,0.07813262436211987,1116,ad5241f
fleet_default,32.0,voi,5,540.0,True,0.14141707272420415,0.17292195189046647,1116,ad5241f
fleet_default,32.0,voi,6,,False,0.09378184308135908,,1116,ad5241f
fleet_default,32.0,voi,7,560.0,True,0.10930631488552313,0.16758596973649492,1116,ad5241f
fleet_default,32.0,voi,8,,False,0.11134764819551264,,1116,ad5241f
fleet_default,32.0,voi,9,,False,0.14799190221075548,,1116,ad5241f
fleet_default,64.0,fifo,0,300.0,True,0.09324984886138314,0.11417237880954338,2340,ad5241f
fleet_default,64.0,fifo,1,340.0,True,0.09722331924309709,0.12071567916431734,2340,ad5241f
fleet_default,64.0,fifo,2,340.0,True,0.107459139342586,0.1673406981494579,2340,ad5241f
fleet_default,64.0,fifo,3,280.0,True,0.1180071823714854,0.15536416573950698,2340,ad5241f
fleet_default,64.0,fifo,4,280.0,True,0.1304067254534907,0.059622024756766034,2340,ad5241f
fleet_default,64.0,fifo,5,300.0,True,0.14810859206320387,0.0898079531368442,2340,ad5241f
fleet_default,64.0,fifo,6,280.0,True,0.14897500286973384,0.12300585131461932,2340,ad5241f
fleet_default,64.0,fifo,7,300.0,True,0.11856982468686243,0.193571799334916,2340,ad5241f
fleet_default,64.0,fifo,8,280.0,True,0.1073573811187735,0.08919866671436624,2340,ad5241f
fleet_default,64.0,fifo,9,280.0,True,0.12946846310602825,0.026595627437608453,2340,ad5241f
fleet_default,64.0,quality,0,280.0,True,0.10368677388787237,0.09245305274681878,2340,ad5241f
fleet_default,64.0,quality,1,280.0,True,0.11652612226779573,0.10668222006997019,2340,ad5241f
fleet_default,64.0,quality,2,280.0,True,0.09524801878694221,0.14600238349985545,2340,ad5241f
fleet_default,64.0,quality,3,300.0,True,0.10035352035340615,0.16657930158512857,2340,ad5241f
fleet_default,64.0,quality,4,280.0,True,0.13158620669996593,0.09192473585240138,2340,ad5241f
fleet_default,64.0,quality,5,300.0,True,0.1476197826104278,0.066266777692268,2340,ad5241f
fleet_default,64.0,quality,6,240.0,True,0.15451043068437428,0.1381204923933826,2340,ad5241f
fleet_default,64.0,quality,7,280.0,True,0.09959629348271283,0.19622820119979956,2340,ad5241f
fleet_default,64.0,quality,8,280.0,True,0.10420098974572081,0.10166080589763951,2340,ad5241f
fleet_default,64.0,quality,9,280.0,True,0.1365766891547307,0.08702853004244193,2340,ad5241f
fleet_default,64.0,voi,0,300.0,True,0.09619433965028319,0.11441775653083922,2340,ad5241f
fleet_default,64.0,voi,1,280.0,True,0.11217194629645176,0.10997470606362872,2340,ad5241f
fleet_default,64.0,voi,2,280.0,True,0.11416471674970503,0.14161583810433226,2340,ad5241f
fleet_default,64.0,voi,3,280.0,True,0.09825991372003273,0.16314721640860924,2340,ad5241f
fleet_default,64.0,voi,4,280.0,True,0.1317068780153069,0.07008828293382774,2340,ad5241f
fleet_default,64.0,voi,5,280.0,True,0.1517672305063189,0.09755128079894554,2340,ad5241f
fleet_default,64.0,voi,6,340.0,True,0.1590022384686237,0.12749265045323296,2340,ad5241f
fleet_default,64.0,voi,7,280.0,True,0.09766778346013338,0.19204463412342368,2340,ad5241f
fleet_default,64.0,voi,8,280.0,True,0.1039737545590863,0.1158284639742568,2340,ad5241f
fleet_default,64.0,voi,9,280.0,True,0.13657548352561624,0.06390154367661753,2340,ad5241f
fleet_default,128.0,fifo,0,220.0,True,0.09322267611587205,0.12552541556341829,4729,ad5241f
fleet_default,128.0,fifo,1,200.0,True,0.10179246711409676,0.0962152391881593,4713,ad5241f
fleet_default,128.0,fifo,2,180.0,True,0.09902659135213629,0.16365330632352368,4730,ad5241f
fleet_default,128.0,fifo,3,160.0,True,0.1525256502002514,0.27922650665502036,4746,ad5241f
fleet_default,128.0,fifo,4,180.0,True,0.12870943725292758,0.11590714282693394,4745,ad5241f
fleet_default,128.0,fifo,5,180.0,True,0.16700969901549784,0.08290073344156593,4741,ad5241f
fleet_default,128.0,fifo,6,180.0,True,0.13780075772834638,0.18747450261299686,4726,ad5241f
fleet_default,128.0,fifo,7,180.0,True,0.12974608963386766,0.2842408149786366,4760,ad5241f
fleet_default,128.0,fifo,8,180.0,True,0.1197676768110829,0.12514439769524396,4725,ad5241f
fleet_default,128.0,fifo,9,200.0,True,0.1517029483873417,0.15093790967897527,4742,ad5241f
fleet_default,128.0,quality,0,220.0,True,0.09262172156823995,0.10107487117046324,4697,ad5241f
fleet_default,128.0,quality,1,180.0,True,0.10248803430393627,0.09418000908191033,4694,ad5241f
fleet_default,128.0,quality,2,180.0,True,0.09861328324158453,0.16403793318661974,4725,ad5241f
fleet_default,128.0,quality,3,180.0,True,0.09649468579874101,0.12784433377563728,4741,ad5241f
fleet_default,128.0,quality,4,180.0,True,0.12620369938130593,0.06084047197794794,4755,ad5241f
fleet_default,128.0,quality,5,180.0,True,0.1399446452661015,0.08139294759846322,4736,ad5241f
fleet_default,128.0,quality,6,200.0,True,0.13601883063993875,0.16840977421737233,4725,ad5241f
fleet_default,128.0,quality,7,180.0,True,0.12700528184300836,0.19786893337242883,4756,ad5241f
fleet_default,128.0,quality,8,180.0,True,0.11367321014958096,0.13295816803989674,4756,ad5241f
fleet_default,128.0,quality,9,180.0,True,0.1350837685518196,0.06248833973878584,4727,ad5241f
fleet_default,128.0,voi,0,260.0,True,0.09200838023036835,0.10320090525187889,4723,ad5241f
fleet_default,128.0,voi,1,160.0,True,0.10397573206033443,0.08385971748517584,4697,ad5241f
fleet_default,128.0,voi,2,180.0,True,0.10031903195757558,0.1698285045079007,4725,ad5241f
fleet_default,128.0,voi,3,160.0,True,0.09522352467311473,0.12374235088526475,4757,ad5241f
fleet_default,128.0,voi,4,200.0,True,0.12699266210579646,0.06319052099792857,4728,ad5241f
fleet_default,128.0,voi,5,180.0,True,0.13642435118922933,0.08803600585110713,4751,ad5241f
fleet_default,128.0,voi,6,180.0,True,0.1349215644572964,0.1840882859684351,4725,ad5241f
fleet_default,128.0,voi,7,180.0,True,0.1324548133908148,0.20396569214252686,4744,ad5241f
fleet_default,128.0,voi,8,180.0,True,0.11243472902160377,0.1293032206792586,4751,ad5241f
fleet_default,128.0,voi,9,200.0,True,0.1323268107460205,0.027466288984237516,4758,ad5241f
fleet_default,256.0,fifo,0,140.0,True,0.09018017199016921,0.09326196818026838,9498,ad5241f
fleet_default,256.0,fifo,1,120.0,True,0.0866845666888064,0.07752177259719988,9460,ad5241f
fleet_default,256.0,fifo,2,120.0,True,0.09409091257828583,0.1541453463793923,9481,ad5241f
fleet_default,256.0,fifo,3,140.0,True,0.09586834905263554,0.10012333237354604,9497,ad5241f
fleet_default,256.0,fifo,4,120.0,True,0.11850965077367105,0.05556496805408976,9482,ad5241f
fleet_default,256.0,fifo,5,160.0,True,0.1342765947919923,0.09716732136102793,9486,ad5241f
fleet_default,256.0,fifo,6,120.0,True,0.12774142774189093,0.19289613523930113,9481,ad5241f
fleet_default,256.0,fifo,7,120.0,True,0.09300255063919471,0.13022429150873785,9509,ad5241f
fleet_default,256.0,fifo,8,120.0,True,0.1269741810488112,0.14340034784450406,9500,ad5241f
fleet_default,256.0,fifo,9,140.0,True,0.12090606908164978,0.06405874041966567,9465,ad5241f
fleet_default,256.0,quality,0,140.0,True,0.09305245837895094,0.09539489161191426,9497,ad5241f
fleet_default,256.0,quality,1,120.0,True,0.0867308893734416,0.08092306971388014,9495,ad5241f
fleet_default,256.0,quality,2,120.0,True,0.09459626734801453,0.1552611489786564,9477,ad5241f
fleet_default,256.0,quality,3,160.0,True,0.10261148654373874,0.12592360834052174,9487,ad5241f
fleet_default,256.0,quality,4,120.0,True,0.11899466319593072,0.06240279845400076,9493,ad5241f
fleet_default,256.0,quality,5,160.0,True,0.132696181895488,0.08202253678962798,9491,ad5241f
fleet_default,256.0,quality,6,120.0,True,0.130313152976105,0.1890361640713632,9470,ad5241f
fleet_default,256.0,quality,7,120.0,True,0.08692665313574768,0.1289772013182674,9488,ad5241f
fleet_default,256.0,quality,8,140.0,True,0.12485038948102954,0.1341038625844968,9520,ad5241f
fleet_default,256.0,quality,9,140.0,True,0.12683496230786362,0.05407478585235334,9491,ad5241f
fleet_default,256.0,voi,0,140.0,True,0.0941221542074198,0.09775269243512913,9497,ad5241f
fleet_default,256.0,voi,1,160.0,True,0.08447281911922747,0.08235320474694163,9460,ad5241f
fleet_default,256.0,voi,2,120.0,True,0.09870475156535426,0.15821739275248858,9481,ad5241f
fleet_default,256.0,voi,3,140.0,True,0.09882411477302223,0.12201664903082485,9510,ad5241f
fleet_default,256.0,voi,4,120.0,True,0.1192574540385793,0.06542394363629367,9492,ad5241f
fleet_default,256.0,voi,5,140.0,True,0.13328713931086866,0.08139279276486419,9455,ad5241f
fleet_default,256.0,voi,6,120.0,True,0.13181578085806092,0.1872000647574518,9487,ad5241f
fleet_default,256.0,voi,7,120.0,True,0.08811870974955437,0.13565539693126205,9505,ad5241f
fleet_default,256.0,voi,8,120.0,True,0.12771046536995173,0.13433181584616152,9488,ad5241f
fleet_default,256.0,voi,9,140.0,True,0.12915565430941883,0.056138838944323685,9486,ad5241f
fleet_default,512.0,fifo,0,120.0,True,0.092140691886893,0.09325186066772453,15864,ad5241f
fleet_default,512.0,fifo,1,100.0,True,0.08686690577707393,0.09561379240351477,14890,ad5241f
fleet_default,512.0,fifo,2,100.0,True,0.090798194978497,0.14755996307844899,15007,ad5241f
fleet_default,512.0,fifo,3,80.0,True,0.09659680393161263,0.10088991576079692,15803,ad5241f
fleet_default,512.0,fifo,4,120.0,True,0.11644481961851078,0.08743148822249856,15808,ad5241f
fleet_default,512.0,fifo,5,80.0,True,0.12439742086930035,0.07185216760989213,15479,ad5241f
fleet_default,512.0,fifo,6,100.0,True,0.12261996474357927,0.18663908572186716,15409,ad5241f
fleet_default,512.0,fifo,7,80.0,True,0.09139293557868057,0.19884000576330216,16015,ad5241f
fleet_default,512.0,fifo,8,120.0,True,0.11732116376515989,0.12325424351514758,15527,ad5241f
fleet_default,512.0,fifo,9,120.0,True,0.1259638055486008,0.04590679588591902,16043,ad5241f
fleet_default,512.0,quality,0,100.0,True,0.09095924594953335,0.0911286794127004,15906,ad5241f
fleet_default,512.0,quality,1,100.0,True,0.08501847794228523,0.07636382650277665,14991,ad5241f
fleet_default,512.0,quality,2,100.0,True,0.0910597791018296,0.14774468425505036,14996,ad5241f
fleet_default,512.0,quality,3,80.0,True,0.0965633892985634,0.09964531995806945,15803,ad5241f
fleet_default,512.0,quality,4,120.0,True,0.11629370049201956,0.08739360318097633,15824,ad5241f
fleet_default,512.0,quality,5,80.0,True,0.12501842034600355,0.08134109967517442,15479,ad5241f
fleet_default,512.0,quality,6,100.0,True,0.12277389858606384,0.18610445932722947,15394,ad5241f
fleet_default,512.0,quality,7,80.0,True,0.09037269067444735,0.195112573374497,16031,ad5241f
fleet_default,512.0,quality,8,120.0,True,0.1173211654578547,0.12325424350403745,15527,ad5241f
fleet_default,512.0,quality,9,120.0,True,0.12502650389546427,0.0465484212969651,16043,ad5241f
fleet_default,512.0,voi,0,120.0,True,0.09120181653850383,0.09125329353266703,15947,ad5241f
fleet_default,512.0,voi,1,100.0,True,0.0865590919375394,0.09139289047299551,15033,ad5241f
fleet_default,512.0,voi,2,100.0,True,0.09081729707725011,0.14767626212538928,14996,ad5241f
fleet_default,512.0,voi,3,80.0,True,0.09656338929856328,0.09964531995806945,15803,ad5241f
fleet_default,512.0,voi,4,120.0,True,0.11629370049201956,0.08739360318097633,15824,ad5241f
fleet_default,512.0,voi,5,80.0,True,0.12468542544966002,0.08128026727800909,15479,ad5241f
fleet_default,512.0,voi,6,100.0,True,0.12277389858431448,0.186104459324649,15394,ad5241f
fleet_default,512.0,voi,7,80.0,True,0.09037269067444749,0.195112573374497,16031,ad5241f
fleet_default,512.0,voi,8,120.0,True,0.1173211654578547,0.12325424350403745,15527,ad5241f
fleet_default,512.0,voi,9,120.0,True,0.12491273728053712,0.046528334639043656,16043,ad5241f
fleet_default,1024.0,fifo,0,120.0,True,0.09088550887262378,0.08831764067934256,17850,ad5241f
fleet_default,1024.0,fifo,1,100.0,True,0.08517307459777211,0.08890194465080904,16292,ad5241f
fleet_default,1024.0,fifo,2,80.0,True,0.09212305989961751,0.1528248572142636,16600,ad5241f
fleet_default,1024.0,fifo,3,80.0,True,0.10115118926736832,0.127593965639299,17194,ad5241f
fleet_default,1024.0,fifo,4,120.0,True,0.11655689395605788,0.08567438416754074,17537,ad5241f
fleet_default,1024.0,fifo,5,100.0,True,0.1254532860133312,0.07983131981615418,16824,ad5241f
fleet_default,1024.0,fifo,6,100.0,True,0.12019934271002752,0.18792633049811408,17087,ad5241f
fleet_default,1024.0,fifo,7,80.0,True,0.08916237644898121,0.1653955512785467,17394,ad5241f
fleet_default,1024.0,fifo,8,100.0,True,0.11829729714240642,0.12499231336428687,16906,ad5241f
fleet_default,1024.0,fifo,9,120.0,True,0.12747029804638582,0.028655194702156786,17930,ad5241f
fleet_default,1024.0,quality,0,120.0,True,0.09117841432006943,0.08750974879251686,17850,ad5241f
fleet_default,1024.0,quality,1,100.0,True,0.08567991037265581,0.09143825145259954,16234,ad5241f
fleet_default,1024.0,quality,2,80.0,True,0.09236852971712943,0.1531797711754967,16600,ad5241f
fleet_default,1024.0,quality,3,80.0,True,0.09644205129693317,0.09666847672489914,17194,ad5241f
fleet_default,1024.0,quality,4,120.0,True,0.11547189372142873,0.09171771339567342,17537,ad5241f
fleet_default,1024.0,quality,5,100.0,True,0.12456394791136381,0.07497353453721593,16824,ad5241f
fleet_default,1024.0,quality,6,100.0,True,0.12019934271002772,0.18792633049811408,17087,ad5241f
fleet_default,1024.0,quality,7,80.0,True,0.08910468403635705,0.16587621993350102,17394,ad5241f
fleet_default,1024.0,quality,8,100.0,True,0.11849003400832908,0.12500605842370213,16906,ad5241f
fleet_default,1024.0,quality,9,120.0,True,0.12296132556868747,0.03880494917120794,17930,ad5241f
fleet_default,1024.0,voi,0,120.0,True,0.09119495501064197,0.0875925861371057,17850,ad5241f
fleet_default,1024.0,voi,1,100.0,True,0.08528034646375213,0.08799135080003107,16292,ad5241f
fleet_default,1024.0,voi,2,80.0,True,0.09210333783166404,0.15309549059800062,16600,ad5241f
fleet_default,1024.0,voi,3,80.0,True,0.0963536229590446,0.09681436181060657,17194,ad5241f
fleet_default,1024.0,voi,4,120.0,True,0.11547189372142848,0.09171771339567342,17537,ad5241f
fleet_default,1024.0,voi,5,100.0,True,0.12501092813456044,0.07650468954440012,16824,ad5241f
fleet_default,1024.0,voi,6,100.0,True,0.12019933929919585,0.1879263305708771,17087,ad5241f
fleet_default,1024.0,voi,7,80.0,True,0.08910468403635705,0.16587621993350102,17394,ad5241f
fleet_default,1024.0,voi,8,100.0,True,0.11849003400832908,0.12500605842370213,16906,ad5241f
fleet_default,1024.0,voi,9,120.0,True,0.12284661554353624,0.03879767662263228,17930,ad5241f
