commit,preset,align_window_kf,heading_bias,odometry_scale,gnc,seed,duration_s,team_ate_dec_m,team_ate_cen_m,team_connected_s,rf_bytes,acoustic_bytes,ate_alone_ugv_0_m,ate_fused_ugv_0_m,ate_team_ugv_0_m,ate_oracle_ugv_0_m,ate_oracle_own_ugv_0_m,ate_alone_uav_0_m,ate_fused_uav_0_m,ate_team_uav_0_m,ate_oracle_uav_0_m,ate_oracle_own_uav_0_m,ate_alone_uuv_0_m,ate_fused_uuv_0_m,ate_team_uuv_0_m,ate_oracle_uuv_0_m,ate_oracle_own_uuv_0_m,ate_alone_uuv_1_m,ate_fused_uuv_1_m,ate_team_uuv_1_m,ate_oracle_uuv_1_m,ate_oracle_own_uuv_1_m
4285992,fleet_transit_anchored,0,True,False,4.03,0,600.0,0.29539289804557634,0.18898859117797723,580.0,14234,2340,0.021494252799822283,0.021488975036353847,0.24014839538715196,0.11564330285307668,0.021450943946314683,0.14923528727415783,0.1348778606697457,0.20447947429414154,0.15840207499780687,0.13420130573449526,0.04034045821541512,0.04086251530438375,0.13422657778663896,0.09122518196025095,0.042190819244223444,0.2856242075634896,0.26918509909285937,0.481173539862815,0.3099679430194134,0.2552327470916614
4285992,fleet_transit_anchored,0,True,False,4.03,1,600.0,0.9723068528686112,0.11532213737395304,540.0,13088,2321,0.021307229665255605,0.02131162838286554,0.5283049791938331,0.03247112687267656,0.021247389702364148,0.12995366936450725,0.12343357187198432,0.39836888345168314,0.12563146419425902,0.11745996062477598,0.0382982195117894,0.03839734842960655,0.4292066958116832,0.04832023320662588,0.037343246930649325,0.6555221582791657,0.39307457624520553,1.777498286488044,0.18445676366257222,0.17213179625833902
4285992,fleet_transit_anchored,0,True,False,4.03,2,600.0,0.8277745279905628,0.14662766902733432,540.0,13251,2290,0.021920076104646618,0.02191967452520406,0.2623967982825094,0.09228953783158056,0.02185793468819541,0.1389734927003602,0.1288209102926906,0.27176218400283225,0.1302381325023009,0.12413852795576784,0.048954324811624275,0.04889169328735451,0.2406109956360396,0.07592413865055772,0.047375150815418925,1.5584901011578216,1.5114230900033314,1.5938137473168341,0.23399762502400587,0.19438193482718402
4285992,fleet_transit_anchored,0,True,False,4.03,3,600.0,0.3312424240075224,0.10660949621408597,420.0,12708,2266,0.021761960260547088,0.021759096743311168,0.16913377859016204,0.029284460092045685,0.021799769121578896,0.1642348330248753,0.12675545428945328,0.22402806921866755,0.12486226018203408,0.11927935326493332,0.04404017442744875,0.04400733003305175,0.14379563059440276,0.045598616031365745,0.0437248355050655,0.39932455415681956,0.43885294224763666,0.5825926360789716,0.16411868061698623,0.1558918633233992
4285992,fleet_transit_anchored,0,True,False,4.03,4,600.0,0.6218655730387146,0.19455040901412418,440.0,13035,2191,0.020782922020362984,0.02077049454579494,0.35643751700199405,0.14073783703710163,0.020718403384688628,0.1707156901298429,0.13931410500949695,0.3030797889229754,0.1490729595575548,0.13207407053458398,0.03213517860979196,0.032137181143254784,0.3187276931087765,0.07958870683487701,0.03288139884821904,0.9512704723487593,0.9616189820471411,1.1074180598981087,0.32099096294050694,0.26605586731091735
4285992,fleet_transit_anchored,0,True,False,4.03,5,600.0,0.5274690036920975,0.12951618901417397,420.0,12855,2197,0.021854260053747843,0.021856440216321597,0.2538948448977269,0.03822880145510676,0.02181247487046017,0.25400615586826714,0.1580203820255912,0.34491381370468255,0.1457308705118881,0.1371886625966784,0.03500105787468107,0.03493573240319349,0.1506277918579715,0.05915859060930287,0.03410769936973505,0.718597097917648,0.7675498584632409,0.9522485687013545,0.20223527423101828,0.18737812177414168
4285992,fleet_transit_anchored,0,True,False,4.03,6,600.0,0.45603924592500783,0.15144664459297752,420.0,12694,2181,0.021994696184095937,0.021997350483630638,0.3562720421924597,0.03099072372780455,0.02199692818222293,0.19293148797210136,0.13582243149535272,0.32670828055796924,0.13448615808761813,0.12268740316310478,0.041039265636198634,0.041018345378159904,0.30952065445223076,0.05685061362731449,0.039785610210093185,0.4364107371611097,0.3805103314893442,0.7088131426051095,0.2635628970279077,0.24794767378481006
4285992,fleet_transit_anchored,0,True,False,4.03,7,600.0,0.11710594954324964,0.0903045617714237,480.0,13996,2340,0.02283907522078149,0.022833416264137422,0.06128082694687227,0.05261107175435779,0.02280744123257877,0.15644281186982445,0.1341209811157293,0.13753469210954042,0.13185402721391618,0.13112831627925348,0.03971555586696919,0.03970160471290287,0.07434622635089658,0.04365546933908682,0.03881579760886972,0.07795271895279396,0.09173303615990613,0.1632688611344098,0.10276403135352964,0.08905341006809385
4285992,fleet_transit_anchored,0,True,False,4.03,8,600.0,0.33733223753515756,0.15145298374044439,480.0,13357,2311,0.021815349108152627,0.021821860544961096,0.13595529413890933,0.13934417810634753,0.021763702596126804,0.1576485424318071,0.12706587702366623,0.22448154975047518,0.13428693618737753,0.12315718365782433,0.043024748682084245,0.042768903003570925,0.087456225950787,0.0911912615494025,0.043030942627466845,0.5387770245771215,0.5106039624665405,0.6153436066796958,0.2144443931415214,0.11624250939212485
4285992,fleet_transit_anchored,0,True,False,4.03,9,600.0,0.37462573300294444,0.10751289973275885,520.0,13853,2340,0.02223907023554911,0.022240916404947565,0.2591681396269177,0.03762477201227289,0.022210926646205328,0.15575801001525544,0.1326199179789376,0.21063139074029633,0.13820437181005618,0.12622128988210857,0.03727243903138777,0.03739793469455262,0.12391902774825725,0.05274404467858346,0.035024604070858674,0.23883521236716834,0.1617066931543936,0.6591571333991854,0.15145325460464973,0.13698654551435563
