commit,preset,align_window_kf,heading_bias,gnc,seed,duration_s,team_ate_dec_m,team_ate_cen_m,team_connected_s,rf_bytes,acoustic_bytes,ate_alone_ugv_0_m,ate_fused_ugv_0_m,ate_team_ugv_0_m,ate_oracle_ugv_0_m,ate_alone_uav_0_m,ate_fused_uav_0_m,ate_team_uav_0_m,ate_oracle_uav_0_m,ate_alone_uuv_0_m,ate_fused_uuv_0_m,ate_team_uuv_0_m,ate_oracle_uuv_0_m,ate_alone_uuv_1_m,ate_fused_uuv_1_m,ate_team_uuv_1_m,ate_oracle_uuv_1_m
ad5241f,fleet_transit_anchored,0,True,4.03,0,600.0,0.29539289804562,0.18898859117797737,580.0,14234,2340,0.021494252799822307,0.02148897503635349,0.24014839538732696,0.11564330285307758,0.1492352872741579,0.13487786066974525,0.20447947429417532,0.15840207499780848,0.040340458215415265,0.04086251530438378,0.13422657778667124,0.09122518196025298,0.28562420756349016,0.2691850990928591,0.48117353986281153,0.309967943019412
ad5241f,fleet_transit_anchored,0,True,4.03,1,600.0,0.9723068528686338,0.11532213737395303,540.0,13088,2321,0.021307229665255632,0.021311628382865384,0.5283049791938383,0.03247112687267517,0.12995366936450747,0.1234335718719842,0.39836888345168586,0.12563146419425894,0.038298219511789335,0.03839734842960653,0.42920669581168447,0.0483202332066255,0.6555221582792456,0.39307457624519376,1.777498286488091,0.18445676366257263
ad5241f,fleet_transit_anchored,0,True,4.03,2,600.0,0.8277745279897231,0.14662766902733382,540.0,13251,2290,0.021920076104646653,0.021919674525204123,0.26239679828091794,0.09228953783158034,0.13897349270036008,0.12882091029269058,0.2717621840047597,0.13023813250230087,0.048954324811624234,0.04889169328735452,0.24061099563849841,0.07592413865055779,1.5584901011531953,1.5114230899995145,1.5938137473146516,0.23399762502400467
ad5241f,fleet_transit_anchored,0,True,4.03,3,600.0,0.3312424240075429,0.10660949621408589,420.0,12708,2266,0.02176196026054712,0.021759096743311203,0.1691337785902309,0.029284460092044957,0.1642348330248757,0.1267554542894537,0.22402806921859897,0.1248622601820338,0.044040174427448835,0.04400733003305169,0.1437956305943314,0.045598616031365814,0.39932455415681917,0.4388529422475922,0.5825926360790422,0.1641186806169863
ad5241f,fleet_transit_anchored,0,True,4.03,4,600.0,0.6245813339948955,0.19455040901412485,500.0,12962,2191,0.02078292202036299,0.020770494545794847,0.35593883623991546,0.14073783703710044,0.17071569012984283,0.13931410500949679,0.3050177835694151,0.1490729595575538,0.03213517860979212,0.03213718114325477,0.32079030968641997,0.07958870683487504,0.9512704723489933,0.9664855163414225,1.1125523110727153,0.32099096294050994
ad5241f,fleet_transit_anchored,0,True,4.03,5,600.0,0.5274690036920876,0.1295161890141736,420.0,12855,2197,0.021854260053747788,0.021856440216321556,0.2538948448976596,0.03822880145511087,0.25400615586826747,0.1580203820255913,0.3449138137047228,0.14573087051188874,0.03500105787468114,0.034935732403193455,0.15062779185801237,0.059158590609307046,0.7185970979177367,0.7675498584633267,0.9522485687013296,0.20223527423101495
ad5241f,fleet_transit_anchored,0,True,4.03,6,600.0,0.4536140377471135,0.1514466445929772,420.0,12689,2181,0.021994696184095993,0.02199736985970939,0.35227607320931503,0.03099072372780574,0.1929314879721011,0.1357756771782196,0.3235288118053856,0.13448615808761918,0.0410392656361986,0.04101834537815986,0.3110837715771279,0.05685061362731576,0.4364107371611166,0.38051033148933905,0.7053512204585237,0.26356289702790603
ad5241f,fleet_transit_anchored,0,True,4.03,7,600.0,0.11710594954324374,0.0903045617714241,480.0,13996,2340,0.02283907522078147,0.02283341626413738,0.06128082694686968,0.052611071754359306,0.1564428118698246,0.13412098111572937,0.1375346921095394,0.1318540272139161,0.03971555586696906,0.03970160471290285,0.07434622635089917,0.0436554693390874,0.07795271895280917,0.09173303615990455,0.1632688611343935,0.10276403135353013
ad5241f,fleet_transit_anchored,0,True,4.03,8,600.0,0.3373322375351588,0.1514529837404443,480.0,13357,2311,0.021815349108152644,0.02182186054496114,0.13595529413888566,0.1393441781063462,0.15764854243180726,0.12706587702366598,0.22448154975048837,0.13428693618737755,0.04302474868208436,0.042768903003570884,0.08745622595079729,0.09119126154940234,0.5387770245771109,0.5106039624665786,0.6153436066796977,0.21444439314152217
ad5241f,fleet_transit_anchored,0,True,4.03,9,600.0,0.37618966980250795,0.10751289973275863,520.0,13895,2340,0.0222390702355491,0.02224087522346181,0.25607080264633025,0.037624772012273336,0.1557580100152555,0.1330149327217067,0.21298521805664558,0.13820437181005607,0.03727243903138778,0.03740374649302493,0.12284242549279462,0.05274404467858339,0.23883521236716926,0.16832922190317617,0.6633622314278635,0.15145325460464917
