preset,acoustic_bps,acoustic_loss,scheduler,seed,team_connected_s,team_merged,team_ate_m,uuv_frame_err_xy_m,acoustic_bytes,commit
fleet_default,64.0,0.0,fifo,0,300.0,True,0.08353969951624263,0.10456806920874528,2340,4285992
fleet_default,64.0,0.0,fifo,1,280.0,True,0.08093689043761686,0.11861392853175134,2340,4285992
fleet_default,64.0,0.0,fifo,2,280.0,True,0.09950035475375277,0.16422228417527296,2340,4285992
fleet_default,64.0,0.0,fifo,3,240.0,True,0.10913917888709951,0.10755237883886619,2340,4285992
fleet_default,64.0,0.0,fifo,4,280.0,True,0.10739042294807909,0.06446649513221915,2340,4285992
fleet_default,64.0,0.0,fifo,5,300.0,True,0.10993288422182894,0.08089629080548465,2340,4285992
fleet_default,64.0,0.0,fifo,6,280.0,True,0.09702163601009695,0.09098141726037895,2340,4285992
fleet_default,64.0,0.0,fifo,7,280.0,True,0.11752967552754076,0.19532382997519354,2340,4285992
fleet_default,64.0,0.0,fifo,8,280.0,True,0.104248879082433,0.08481567172903035,2340,4285992
fleet_default,64.0,0.0,fifo,9,280.0,True,0.10509198403331661,0.031767417676784954,2340,4285992
fleet_default,64.0,0.0,quality,0,280.0,True,0.10095435201565209,0.11759133910487254,2340,4285992
fleet_default,64.0,0.0,quality,1,240.0,True,0.08972741045121387,0.11128484460046045,2340,4285992
fleet_default,64.0,0.0,quality,2,260.0,True,0.10275862823402047,0.17747428741165583,2340,4285992
fleet_default,64.0,0.0,quality,3,280.0,True,0.10781196439924925,0.16177979931077116,2340,4285992
fleet_default,64.0,0.0,quality,4,280.0,True,0.11432655472596605,0.08434553743872825,2340,4285992
fleet_default,64.0,0.0,quality,5,300.0,True,0.10735487486430287,0.06404250626785618,2340,4285992
fleet_default,64.0,0.0,quality,6,240.0,True,0.10354521309575163,0.07137775430242377,2340,4285992
fleet_default,64.0,0.0,quality,7,280.0,True,0.10480776118537491,0.19915098194500702,2340,4285992
fleet_default,64.0,0.0,quality,8,280.0,True,0.09740729597189576,0.1053665880629993,2340,4285992
fleet_default,64.0,0.0,quality,9,280.0,True,0.120291598833009,0.06230210200331543,2340,4285992
fleet_default,64.0,0.0,voi,0,300.0,True,0.08562781617326441,0.12729521537540706,2340,4285992
fleet_default,64.0,0.0,voi,1,280.0,True,0.08276484449905117,0.1146263362394262,2340,4285992
fleet_default,64.0,0.0,voi,2,280.0,True,0.10204868327118083,0.1751250812838852,2340,4285992
fleet_default,64.0,0.0,voi,3,240.0,True,0.09370303418817469,0.1240650323817684,2340,4285992
fleet_default,64.0,0.0,voi,4,280.0,True,0.10996272842934733,0.07490845118868779,2340,4285992
fleet_default,64.0,0.0,voi,5,280.0,True,0.10593843068327098,0.08990531240998521,2340,4285992
fleet_default,64.0,0.0,voi,6,280.0,True,0.09836731673639172,0.08976908341007667,2340,4285992
fleet_default,64.0,0.0,voi,7,300.0,True,0.09327925278129579,0.19163304900792888,2340,4285992
fleet_default,64.0,0.0,voi,8,280.0,True,0.09994261535070606,0.12243069050545655,2340,4285992
fleet_default,64.0,0.0,voi,9,280.0,True,0.1139306973973641,0.047562242629365814,2340,4285992
fleet_default,64.0,0.2,fifo,0,280.0,True,0.08595217680944918,0.11580332493439058,2340,4285992
fleet_default,64.0,0.2,fifo,1,520.0,True,0.09063116542764285,0.1407748781323816,2340,4285992
fleet_default,64.0,0.2,fifo,2,300.0,True,0.09926246356748548,0.16452558442851262,2340,4285992
fleet_default,64.0,0.2,fifo,3,500.0,True,0.10279549971162716,0.11766564484717978,2340,4285992
fleet_default,64.0,0.2,fifo,4,280.0,True,0.10859428726274319,0.06752328244719537,2340,4285992
fleet_default,64.0,0.2,fifo,5,520.0,True,0.14241772487666868,0.09822003616667839,2340,4285992
fleet_default,64.0,0.2,fifo,6,300.0,True,0.09780903369590732,0.08867864355422539,2340,4285992
fleet_default,64.0,0.2,fifo,7,300.0,True,0.12331003455795463,0.2033947864366094,2340,4285992
fleet_default,64.0,0.2,fifo,8,560.0,True,0.10957632923740968,0.06831350338345098,2340,4285992
fleet_default,64.0,0.2,fifo,9,280.0,True,0.10700979202446004,0.03806367675052592,2340,4285992
fleet_default,64.0,0.2,quality,0,280.0,True,0.08984843071068144,0.11602418500664302,2340,4285992
fleet_default,64.0,0.2,quality,1,420.0,True,0.0903358433435187,0.10240144124308026,2340,4285992
fleet_default,64.0,0.2,quality,2,300.0,True,0.10346665898142668,0.1825529039317304,2340,4285992
fleet_default,64.0,0.2,quality,3,400.0,True,0.21035506618083022,0.26461709383850374,2340,4285992
fleet_default,64.0,0.2,quality,4,280.0,True,0.11163419876724008,0.08145186698683707,2340,4285992
fleet_default,64.0,0.2,quality,5,420.0,True,0.14417180952505,0.08463339677053086,2340,4285992
fleet_default,64.0,0.2,quality,6,300.0,True,0.0971125960378836,0.0804803460985705,2340,4285992
fleet_default,64.0,0.2,quality,7,280.0,True,0.10711641271386631,0.21758586019130083,2340,4285992
fleet_default,64.0,0.2,quality,8,500.0,True,0.09791183453533214,0.10215391652945531,2340,4285992
fleet_default,64.0,0.2,quality,9,280.0,True,0.12662789565509996,0.0745956859198228,2340,4285992
fleet_default,64.0,0.2,voi,0,280.0,True,0.08838546737430636,0.13896387474747984,2340,4285992
fleet_default,64.0,0.2,voi,1,400.0,True,0.08116908380576811,0.11700971316015839,2340,4285992
fleet_default,64.0,0.2,voi,2,300.0,True,0.10544416815254734,0.17747865863294549,2340,4285992
fleet_default,64.0,0.2,voi,3,400.0,True,0.10198981046034568,0.14784403186014572,2340,4285992
fleet_default,64.0,0.2,voi,4,280.0,True,0.1123392354364431,0.07741736695648549,2340,4285992
fleet_default,64.0,0.2,voi,5,400.0,True,0.12807497346445276,0.09925719629320515,2340,4285992
fleet_default,64.0,0.2,voi,6,300.0,True,0.08752722451409566,0.11148574216814701,2340,4285992
fleet_default,64.0,0.2,voi,7,280.0,True,0.09182188339712806,0.1952691817582603,2340,4285992
fleet_default,64.0,0.2,voi,8,500.0,True,0.09780572077624734,0.10504418329887394,2340,4285992
fleet_default,64.0,0.2,voi,9,280.0,True,0.10324664004752462,0.042104312718980796,2340,4285992
fleet_default,64.0,0.4,fifo,0,280.0,True,0.08404602349299657,0.12047920957014203,2340,4285992
fleet_default,64.0,0.4,fifo,1,,False,0.08251585499293103,,2340,4285992
fleet_default,64.0,0.4,fifo,2,600.0,True,0.10207197132752008,0.1522471597007637,2340,4285992
fleet_default,64.0,0.4,fifo,3,440.0,True,0.11810684872589476,0.127083001625069,2340,4285992
fleet_default,64.0,0.4,fifo,4,460.0,True,0.11661837994300252,0.128431904412614,2340,4285992
fleet_default,64.0,0.4,fifo,5,460.0,True,0.12394405424249172,0.24053699973904158,2340,4285992
fleet_default,64.0,0.4,fifo,6,560.0,True,0.10393566923293399,0.07276254693877746,2340,4285992
fleet_default,64.0,0.4,fifo,7,440.0,True,0.12688282123043784,0.23143947413989183,2340,4285992
fleet_default,64.0,0.4,fifo,8,,False,0.09605975646719934,,2340,4285992
fleet_default,64.0,0.4,fifo,9,,False,0.1211600244873134,,2340,4285992
fleet_default,64.0,0.4,quality,0,280.0,True,0.09051987717753095,0.13141987115799716,2340,4285992
fleet_default,64.0,0.4,quality,1,420.0,True,0.08749784142515783,0.11357635101254898,2340,4285992
fleet_default,64.0,0.4,quality,2,420.0,True,0.10513553957712514,0.17855238409641058,2340,4285992
fleet_default,64.0,0.4,quality,3,440.0,True,0.18224095410525434,0.2348432316910246,2340,4285992
fleet_default,64.0,0.4,quality,4,460.0,True,0.10978050154258717,0.07506707518861949,2340,4285992
fleet_default,64.0,0.4,quality,5,480.0,True,0.12539734696611493,0.14574443314882465,2340,4285992
fleet_default,64.0,0.4,quality,6,400.0,True,0.10984503012367026,0.07481489724678332,2340,4285992
fleet_default,64.0,0.4,quality,7,400.0,True,0.10581698063660396,0.1929620876616296,2340,4285992
fleet_default,64.0,0.4,quality,8,400.0,True,0.09753794422716189,0.10974027972721184,2340,4285992
fleet_default,64.0,0.4,quality,9,400.0,True,0.12270999879768646,0.08561527688064502,2340,4285992
fleet_default,64.0,0.4,voi,0,280.0,True,0.09186898184111662,0.14639951659749587,2340,4285992
fleet_default,64.0,0.4,voi,1,,False,0.08342688470422284,,2340,4285992
fleet_default,64.0,0.4,voi,2,420.0,True,0.0977954216296211,0.16985751758630163,2340,4285992
fleet_default,64.0,0.4,voi,3,560.0,True,0.08942656148919961,0.09101127607400815,2340,4285992
fleet_default,64.0,0.4,voi,4,460.0,True,0.11765945191309572,0.12442180459868755,2340,4285992
fleet_default,64.0,0.4,voi,5,,False,0.13273827708343952,,2340,4285992
fleet_default,64.0,0.4,voi,6,340.0,True,0.09509203942728058,0.11112760712342906,2340,4285992
fleet_default,64.0,0.4,voi,7,400.0,True,0.09311969117808182,0.16766705310190488,2340,4285992
fleet_default,64.0,0.4,voi,8,360.0,True,0.10257197140517796,0.10568055683738456,2340,4285992
fleet_default,64.0,0.4,voi,9,560.0,True,0.1252112874696776,0.09564598976059449,2340,4285992
fleet_default,64.0,0.6,fifo,0,,False,0.10836634619337858,,2340,4285992
fleet_default,64.0,0.6,fifo,1,,False,0.097459786502451,,2340,4285992
fleet_default,64.0,0.6,fifo,2,,False,0.09780941454159842,,2340,4285992
fleet_default,64.0,0.6,fifo,3,,False,0.14093801846648543,,2340,4285992
fleet_default,64.0,0.6,fifo,4,,False,0.11060689275054982,,2340,4285992
fleet_default,64.0,0.6,fifo,5,,False,0.13227913334742272,,2340,4285992
fleet_default,64.0,0.6,fifo,6,,False,0.09459755432004319,,2340,4285992
fleet_default,64.0,0.6,fifo,7,,False,0.14102174639819096,,2340,4285992
fleet_default,64.0,0.6,fifo,8,,False,0.09589822156835615,,2340,4285992
fleet_default,64.0,0.6,fifo,9,,False,0.14633161902309585,,2340,4285992
fleet_default,64.0,0.6,quality,0,480.0,True,0.0909632682207664,0.1474838290962806,2340,4285992
fleet_default,64.0,0.6,quality,1,,False,0.08711791632140924,,2340,4285992
fleet_default,64.0,0.6,quality,2,,False,0.15743797624448633,,2340,4285992
fleet_default,64.0,0.6,quality,3,,False,0.23022315451524925,,2340,4285992
fleet_default,64.0,0.6,quality,4,,False,0.1108236680904093,,2340,4285992
fleet_default,64.0,0.6,quality,5,,False,0.10938619234081531,,2340,4285992
fleet_default,64.0,0.6,quality,6,,False,0.09502432644585203,,2340,4285992
fleet_default,64.0,0.6,quality,7,540.0,True,0.187254019967492,0.31970941876354475,2340,4285992
fleet_default,64.0,0.6,quality,8,,False,0.08941283521480116,,2340,4285992
fleet_default,64.0,0.6,quality,9,,False,0.17249287813548947,,2340,4285992
fleet_default,64.0,0.6,voi,0,560.0,True,0.10322788617953256,0.20602760774991358,2340,4285992
fleet_default,64.0,0.6,voi,1,,False,0.097459786502451,,2340,4285992
fleet_default,64.0,0.6,voi,2,,False,0.1282279928908263,,2340,4285992
fleet_default,64.0,0.6,voi,3,460.0,True,0.11076824020685368,0.2103341244274806,2340,4285992
fleet_default,64.0,0.6,voi,4,,False,0.11058995876770646,,2340,4285992
fleet_default,64.0,0.6,voi,5,,False,0.11066633683756129,,2340,4285992
fleet_default,64.0,0.6,voi,6,540.0,True,0.10675434205866033,0.10763278201554416,2340,4285992
fleet_default,64.0,0.6,voi,7,600.0,True,0.1727190099285275,0.2962914200782692,2340,4285992
fleet_default,64.0,0.6,voi,8,520.0,True,0.10576881790662136,0.12144095488117483,2340,4285992
fleet_default,64.0,0.6,voi,9,,False,0.12499050132778511,,2340,4285992
fleet_default,64.0,0.8,fifo,0,,False,0.11630046616153057,,2340,4285992
fleet_default,64.0,0.8,fifo,1,,False,0.09745978650245071,,2340,4285992
fleet_default,64.0,0.8,fifo,2,,False,0.09462112213127086,,2340,4285992
fleet_default,64.0,0.8,fifo,3,,False,0.10878653587490951,,2340,4285992
fleet_default,64.0,0.8,fifo,4,,False,0.1380561856457451,,2340,4285992
fleet_default,64.0,0.8,fifo,5,,False,0.14087023681776706,,2340,4285992
fleet_default,64.0,0.8,fifo,6,,False,0.1099971453265896,,2340,4285992
fleet_default,64.0,0.8,fifo,7,,False,0.13863648538014012,,2340,4285992
fleet_default,64.0,0.8,fifo,8,,False,0.10923142619874421,,2340,4285992
fleet_default,64.0,0.8,fifo,9,,False,0.14633161902309838,,2340,4285992
fleet_default,64.0,0.8,quality,0,,False,0.11630046616153057,,2340,4285992
fleet_default,64.0,0.8,quality,1,,False,0.09745978650245071,,2340,4285992
fleet_default,64.0,0.8,quality,2,,False,0.09137388629292312,,2340,4285992
fleet_default,64.0,0.8,quality,3,,False,0.10878653587490951,,2340,4285992
fleet_default,64.0,0.8,quality,4,,False,0.1380561856457451,,2340,4285992
fleet_default,64.0,0.8,quality,5,,False,0.14087023681776706,,2340,4285992
fleet_default,64.0,0.8,quality,6,,False,0.1099971453265896,,2340,4285992
fleet_default,64.0,0.8,quality,7,,False,0.10425223039220666,,2340,4285992
fleet_default,64.0,0.8,quality,8,,False,0.10933768515055885,,2340,4285992
fleet_default,64.0,0.8,quality,9,,False,0.14633161902309838,,2340,4285992
fleet_default,64.0,0.8,voi,0,,False,0.11630046616153057,,2340,4285992
fleet_default,64.0,0.8,voi,1,,False,0.09745978650245071,,2340,4285992
fleet_default,64.0,0.8,voi,2,,False,0.09288273082564381,,2340,4285992
fleet_default,64.0,0.8,voi,3,,False,0.10878653587490951,,2340,4285992
fleet_default,64.0,0.8,voi,4,,False,0.1380561856457451,,2340,4285992
fleet_default,64.0,0.8,voi,5,,False,0.14087023681776706,,2340,4285992
fleet_default,64.0,0.8,voi,6,,False,0.1099971453265896,,2340,4285992
fleet_default,64.0,0.8,voi,7,,False,0.11108788084311932,,2340,4285992
fleet_default,64.0,0.8,voi,8,,False,0.11208439060886866,,2340,4285992
fleet_default,64.0,0.8,voi,9,,False,0.14617776014557723,,2340,4285992
fleet_default,1024.0,0.0,fifo,0,120.0,True,0.08798680239306969,0.10826488824611587,17630,4285992
fleet_default,1024.0,0.0,fifo,1,100.0,True,0.07559709023116568,0.09704272151991422,16617,4285992
fleet_default,1024.0,0.0,fifo,2,80.0,True,0.08903522749401308,0.18459348842270445,16976,4285992
fleet_default,1024.0,0.0,fifo,3,80.0,True,0.09786424248102393,0.09959158502515111,17203,4285992
fleet_default,1024.0,0.0,fifo,4,120.0,True,0.09764990660608094,0.059597615194579,17494,4285992
fleet_default,1024.0,0.0,fifo,5,100.0,True,0.1019614240997519,0.08480604477220847,17073,4285992
fleet_default,1024.0,0.0,fifo,6,100.0,True,0.0836458243562864,0.08445723789120868,16758,4285992
fleet_default,1024.0,0.0,fifo,7,80.0,True,0.08420353634469295,0.1638770341591569,17031,4285992
fleet_default,1024.0,0.0,fifo,8,100.0,True,0.11272014514834783,0.13947809633856778,16880,4285992
fleet_default,1024.0,0.0,fifo,9,180.0,True,0.11116553404779839,0.03273842789089978,17436,4285992
fleet_default,1024.0,0.0,quality,0,80.0,True,0.08782256554442476,0.10842910631219072,17457,4285992
fleet_default,1024.0,0.0,quality,1,100.0,True,0.07559709023116565,0.09704272151991422,16617,4285992
fleet_default,1024.0,0.0,quality,2,80.0,True,0.08927960393410116,0.1845231137043758,16976,4285992
fleet_default,1024.0,0.0,quality,3,80.0,True,0.09748248689900009,0.09450632780717838,17203,4285992
fleet_default,1024.0,0.0,quality,4,120.0,True,0.09764990660608161,0.059597615194579,17494,4285992
fleet_default,1024.0,0.0,quality,5,100.0,True,0.10201517607323804,0.08501406588322205,17073,4285992
fleet_default,1024.0,0.0,quality,6,100.0,True,0.08364582435628819,0.08445723789120868,16758,4285992
fleet_default,1024.0,0.0,quality,7,80.0,True,0.08420353634469295,0.1638770341591569,17031,4285992
fleet_default,1024.0,0.0,quality,8,100.0,True,0.112720145148348,0.13947809633856773,16880,4285992
fleet_default,1024.0,0.0,quality,9,180.0,True,0.11116553404779769,0.03273842789089978,17436,4285992
fleet_default,1024.0,0.0,voi,0,120.0,True,0.08761972826270553,0.10859993116579329,17630,4285992
fleet_default,1024.0,0.0,voi,1,100.0,True,0.07559709023116568,0.09704272151991422,16617,4285992
fleet_default,1024.0,0.0,voi,2,80.0,True,0.0889313395206641,0.18473138276993503,16976,4285992
fleet_default,1024.0,0.0,voi,3,80.0,True,0.09748248689900009,0.09450632780717838,17203,4285992
fleet_default,1024.0,0.0,voi,4,120.0,True,0.09764990660608161,0.059597615194579,17494,4285992
fleet_default,1024.0,0.0,voi,5,100.0,True,0.10146887739473877,0.08501218195663784,17073,4285992
fleet_default,1024.0,0.0,voi,6,100.0,True,0.0836458243562874,0.08445723789120868,16758,4285992
fleet_default,1024.0,0.0,voi,7,80.0,True,0.08420353634469295,0.1638770341591569,17031,4285992
fleet_default,1024.0,0.0,voi,8,100.0,True,0.112720145148348,0.13947809633856773,16880,4285992
fleet_default,1024.0,0.0,voi,9,180.0,True,0.11108556485024497,0.03273091019098389,17436,4285992
fleet_default,1024.0,0.2,fifo,0,140.0,True,0.08754045111545807,0.09883713971532165,17557,4285992
fleet_default,1024.0,0.2,fifo,1,140.0,True,0.07488294820193012,0.09532912435422611,16412,4285992
fleet_default,1024.0,0.2,fifo,2,100.0,True,0.09001772925115756,0.19054686504490026,16808,4285992
fleet_default,1024.0,0.2,fifo,3,140.0,True,0.1029144271841558,0.11093938066520129,16993,4285992
fleet_default,1024.0,0.2,fifo,4,120.0,True,0.09759752266980302,0.06093397255149295,16959,4285992
fleet_default,1024.0,0.2,fifo,5,100.0,True,0.10112183525686265,0.08508174304090778,16872,4285992
fleet_default,1024.0,0.2,fifo,6,100.0,True,0.08600317743551691,0.09061475791883873,16469,4285992
fleet_default,1024.0,0.2,fifo,7,120.0,True,0.08715128589813276,0.17129230548298147,16794,4285992
fleet_default,1024.0,0.2,fifo,8,100.0,True,0.11046667263829618,0.12791380757486562,16817,4285992
fleet_default,1024.0,0.2,fifo,9,180.0,True,0.1064811030347942,0.026529774348854368,17299,4285992
fleet_default,1024.0,0.2,quality,0,140.0,True,0.08663272765051923,0.09532083529248507,17515,4285992
fleet_default,1024.0,0.2,quality,1,140.0,True,0.07437592673941863,0.09589153134821442,16381,4285992
fleet_default,1024.0,0.2,quality,2,100.0,True,0.08963383607255201,0.18956105276766144,16808,4285992
fleet_default,1024.0,0.2,quality,3,140.0,True,0.10146116838349571,0.09203837812606368,16962,4285992
fleet_default,1024.0,0.2,quality,4,120.0,True,0.09760512835555106,0.05992101361310628,16959,4285992
fleet_default,1024.0,0.2,quality,5,100.0,True,0.09855969955801333,0.08397037532003661,16872,4285992
fleet_default,1024.0,0.2,quality,6,100.0,True,0.08642586604910572,0.08502198453364504,16469,4285992
fleet_default,1024.0,0.2,quality,7,100.0,True,0.08672079080600927,0.1824049324777492,16794,4285992
fleet_default,1024.0,0.2,quality,8,100.0,True,0.1112895424136749,0.13632158592825344,16817,4285992
fleet_default,1024.0,0.2,quality,9,180.0,True,0.10846963001161397,0.03666427475028779,16964,4285992
fleet_default,1024.0,0.2,voi,0,140.0,True,0.08934252228101905,0.09847693715396338,17588,4285992
fleet_default,1024.0,0.2,voi,1,140.0,True,0.07437592673941863,0.09589153134821442,16381,4285992
fleet_default,1024.0,0.2,voi,2,100.0,True,0.08938225168822743,0.1895554460826993,16808,4285992
fleet_default,1024.0,0.2,voi,3,100.0,True,0.10152601935973625,0.11189651950008586,16637,4285992
fleet_default,1024.0,0.2,voi,4,120.0,True,0.09760512835555105,0.05992101361310628,16959,4285992
fleet_default,1024.0,0.2,voi,5,100.0,True,0.09855969955764883,0.08397037532003661,16872,4285992
fleet_default,1024.0,0.2,voi,6,100.0,True,0.08642586604910502,0.08502198453364504,16469,4285992
fleet_default,1024.0,0.2,voi,7,120.0,True,0.08612798554390415,0.16716785480794022,16794,4285992
fleet_default,1024.0,0.2,voi,8,100.0,True,0.11128954241367559,0.13632158592825344,16817,4285992
fleet_default,1024.0,0.2,voi,9,180.0,True,0.10758148465516122,0.03711336263651108,17299,4285992
fleet_default,1024.0,0.4,fifo,0,140.0,True,0.08951782677161568,0.1018229838195783,17126,4285992
fleet_default,1024.0,0.4,fifo,1,160.0,True,0.07375118727943858,0.10040554675129779,16454,4285992
fleet_default,1024.0,0.4,fifo,2,120.0,True,0.08868670453631179,0.18740265251190022,16262,4285992
fleet_default,1024.0,0.4,fifo,3,120.0,True,0.11252229801480483,0.1545716514410868,16857,4285992
fleet_default,1024.0,0.4,fifo,4,120.0,True,0.09879978617984334,0.052618361140674384,16864,4285992
fleet_default,1024.0,0.4,fifo,5,100.0,True,0.10143842160255914,0.09474354286772743,16536,4285992
fleet_default,1024.0,0.4,fifo,6,140.0,True,0.08664019885897051,0.08167845693974639,16548,4285992
fleet_default,1024.0,0.4,fifo,7,140.0,True,0.08562742269498566,0.16741957000515575,16721,4285992
fleet_default,1024.0,0.4,fifo,8,140.0,True,0.1106372547194637,0.12017550579299782,16523,4285992
fleet_default,1024.0,0.4,fifo,9,180.0,True,0.09191056228714162,0.038596791193745414,17047,4285992
fleet_default,1024.0,0.4,quality,0,140.0,True,0.0891422518634216,0.10117232553907404,17252,4285992
fleet_default,1024.0,0.4,quality,1,140.0,True,0.07291353095909332,0.11234761702932056,16381,4285992
fleet_default,1024.0,0.4,quality,2,120.0,True,0.09094058763648984,0.19899338297503405,16262,4285992
fleet_default,1024.0,0.4,quality,3,160.0,True,0.11336030190569114,0.13664332395559814,16584,4285992
fleet_default,1024.0,0.4,quality,4,120.0,True,0.09842891478661969,0.0634430362699686,16864,4285992
fleet_default,1024.0,0.4,quality,5,100.0,True,0.10239979972593583,0.09757901589920484,16536,4285992
fleet_default,1024.0,0.4,quality,6,140.0,True,0.08591466136485937,0.08158287692279707,16422,4285992
fleet_default,1024.0,0.4,quality,7,140.0,True,0.08761797769036254,0.17691433705209758,16721,4285992
fleet_default,1024.0,0.4,quality,8,100.0,True,0.1066210315249536,0.1191135752564769,16602,4285992
fleet_default,1024.0,0.4,quality,9,180.0,True,0.09270957950051738,0.029969847394419484,17047,4285992
fleet_default,1024.0,0.4,voi,0,160.0,True,0.08734774221899722,0.10774132855345403,17336,4285992
fleet_default,1024.0,0.4,voi,1,160.0,True,0.07401221363204961,0.10524303831487573,16407,4285992
fleet_default,1024.0,0.4,voi,2,120.0,True,0.08720387117949226,0.18682066179990742,16556,4285992
fleet_default,1024.0,0.4,voi,3,160.0,True,0.10152405715834217,0.1075421603343674,16615,4285992
fleet_default,1024.0,0.4,voi,4,120.0,True,0.09842891475658193,0.0634430362699682,16864,4285992
fleet_default,1024.0,0.4,voi,5,100.0,True,0.10150745660274081,0.09392053607411675,16536,4285992
fleet_default,1024.0,0.4,voi,6,140.0,True,0.08598055687790446,0.08156784197880261,16422,4285992
fleet_default,1024.0,0.4,voi,7,140.0,True,0.08706555721631026,0.17716452253691375,16721,4285992
fleet_default,1024.0,0.4,voi,8,100.0,True,0.10745709471132577,0.1191555925973097,16602,4285992
fleet_default,1024.0,0.4,voi,9,180.0,True,0.09177147185523057,0.029208387803272902,17047,4285992
fleet_default,1024.0,0.6,fifo,0,140.0,True,0.0892194871344738,0.09144483541472656,15530,4285992
fleet_default,1024.0,0.6,fifo,1,180.0,True,0.07390075894684846,0.09488981718225381,15909,4285992
fleet_default,1024.0,0.6,fifo,2,240.0,True,0.08735547933426357,0.19046633251347345,15842,4285992
fleet_default,1024.0,0.6,fifo,3,120.0,True,0.11601162707540749,0.16319447812977883,16321,4285992
fleet_default,1024.0,0.6,fifo,4,160.0,True,0.09929632938805534,0.05596595859352291,16654,4285992
fleet_default,1024.0,0.6,fifo,5,160.0,True,0.09379558645800753,0.06510268753232838,15864,4285992
fleet_default,1024.0,0.6,fifo,6,240.0,True,0.09376397372339704,0.0778690356269354,15750,4285992
fleet_default,1024.0,0.6,fifo,7,200.0,True,0.09176886883054991,0.18353282806319973,15807,4285992
fleet_default,1024.0,0.6,fifo,8,180.0,True,0.10811766889373693,0.1311554401063111,15616,4285992
fleet_default,1024.0,0.6,fifo,9,200.0,True,0.09140615091059019,0.0364449181091937,16659,4285992
fleet_default,1024.0,0.6,quality,0,120.0,True,0.09419852065413845,0.08632480479080805,16076,4285992
fleet_default,1024.0,0.6,quality,1,200.0,True,0.07590076102571262,0.1232887905364198,15909,4285992
fleet_default,1024.0,0.6,quality,2,240.0,True,0.0871940098818442,0.1872278949274117,15842,4285992
fleet_default,1024.0,0.6,quality,3,220.0,True,0.10799702875521767,0.11025593356738898,16526,4285992
fleet_default,1024.0,0.6,quality,4,140.0,True,0.1021444579700068,0.05750966820247075,16145,4285992
fleet_default,1024.0,0.6,quality,5,160.0,True,0.09407531689979237,0.07419412297328856,15864,4285992
fleet_default,1024.0,0.6,quality,6,240.0,True,0.09015979864295728,0.07966304784906182,15750,4285992
fleet_default,1024.0,0.6,quality,7,220.0,True,0.08605666994598278,0.17951737142214344,15760,4285992
fleet_default,1024.0,0.6,quality,8,240.0,True,0.10573022454598553,0.12747405503327536,15967,4285992
fleet_default,1024.0,0.6,quality,9,200.0,True,0.09050636410921872,0.03990300951272856,16659,4285992
fleet_default,1024.0,0.6,voi,0,160.0,True,0.08876884044619922,0.09571275532527307,16213,4285992
fleet_default,1024.0,0.6,voi,1,160.0,True,0.07604494132750798,0.13046057301634925,15620,4285992
fleet_default,1024.0,0.6,voi,2,240.0,True,0.08706405281205187,0.18727616626536397,15842,4285992
fleet_default,1024.0,0.6,voi,3,220.0,True,0.1083240229759361,0.1096428008893921,16526,4285992
fleet_default,1024.0,0.6,voi,4,140.0,True,0.10237786009636754,0.05607601815792035,16145,4285992
fleet_default,1024.0,0.6,voi,5,160.0,True,0.09487044841468634,0.08061063506750119,15864,4285992
fleet_default,1024.0,0.6,voi,6,240.0,True,0.09120382677577005,0.07876466436949428,15750,4285992
fleet_default,1024.0,0.6,voi,7,220.0,True,0.09316520091227244,0.1876661309198648,15760,4285992
fleet_default,1024.0,0.6,voi,8,240.0,True,0.10429209598851541,0.13739612772095994,15967,4285992
fleet_default,1024.0,0.6,voi,9,200.0,True,0.09073317485841377,0.03989214156789886,16659,4285992
fleet_default,1024.0,0.8,fifo,0,160.0,True,0.08854732787051055,0.09989372463551534,14738,4285992
fleet_default,1024.0,0.8,fifo,1,320.0,True,0.08079307818623845,0.1027765997184854,13677,4285992
fleet_default,1024.0,0.8,fifo,2,240.0,True,0.09372638951955035,0.20090725536971304,13695,4285992
fleet_default,1024.0,0.8,fifo,3,520.0,True,0.10512433232942264,0.06411276982396776,14053,4285992
fleet_default,1024.0,0.8,fifo,4,360.0,True,0.11069105934909837,0.06726991522128746,14848,4285992
fleet_default,1024.0,0.8,fifo,5,420.0,True,0.11573249815251922,0.1529882057240231,11953,4285992
fleet_default,1024.0,0.8,fifo,6,500.0,True,0.11409314512478227,0.14048779609829282,11939,4285992
fleet_default,1024.0,0.8,fifo,7,280.0,True,0.11060534211993119,0.21810390242146255,15277,4285992
fleet_default,1024.0,0.8,fifo,8,300.0,True,0.10432900785437356,0.16752855593709903,14271,4285992
fleet_default,1024.0,0.8,fifo,9,260.0,True,0.10392969697482125,0.08812385641215147,16501,4285992
fleet_default,1024.0,0.8,quality,0,160.0,True,0.09310435356284143,0.1088757279465539,15541,4285992
fleet_default,1024.0,0.8,quality,1,360.0,True,0.07820378207898744,0.11270264132451432,13724,4285992
fleet_default,1024.0,0.8,quality,2,260.0,True,0.09450050323087422,0.1634391938891156,13653,4285992
fleet_default,1024.0,0.8,quality,3,440.0,True,0.1131793577916638,0.1442999210822151,13885,4285992
fleet_default,1024.0,0.8,quality,4,360.0,True,0.11165291921903202,0.07753268198529481,14848,4285992
fleet_default,1024.0,0.8,quality,5,400.0,True,0.18073034546913327,0.13161126102642404,13255,4285992
fleet_default,1024.0,0.8,quality,6,380.0,True,0.1010049068361518,0.07358275215709033,12947,4285992
fleet_default,1024.0,0.8,quality,7,280.0,True,0.09863876730654166,0.18145197877280858,15277,4285992
fleet_default,1024.0,0.8,quality,8,300.0,True,0.09936536500220927,0.1460254095091538,14271,4285992
fleet_default,1024.0,0.8,quality,9,260.0,True,0.1028105738778638,0.09200073776293466,16501,4285992
fleet_default,1024.0,0.8,voi,0,200.0,True,0.09648847346079588,0.10191677720502221,14900,4285992
fleet_default,1024.0,0.8,voi,1,400.0,True,0.07514301778946923,0.0930310869498504,13514,4285992
fleet_default,1024.0,0.8,voi,2,260.0,True,0.09523927449396218,0.16876944589611342,13653,4285992
fleet_default,1024.0,0.8,voi,3,440.0,True,0.1131793577916638,0.1442999210822151,13885,4285992
fleet_default,1024.0,0.8,voi,4,360.0,True,0.11165291921903202,0.07753268198529481,14848,4285992
fleet_default,1024.0,0.8,voi,5,400.0,True,0.182205546689858,0.13603168973135193,13255,4285992
fleet_default,1024.0,0.8,voi,6,380.0,True,0.1010049068361518,0.07358275215709033,12947,4285992
fleet_default,1024.0,0.8,voi,7,280.0,True,0.09744477566524537,0.1821451348863129,15277,4285992
fleet_default,1024.0,0.8,voi,8,300.0,True,0.0988381361385475,0.1446789335544338,14271,4285992
fleet_default,1024.0,0.8,voi,9,260.0,True,0.10299440425418437,0.09188796713348796,16501,4285992
