preset,errors,kernel,seed,team_ate_dec_m,team_ate_cen_m,n_connected_dec,team_connected_s,alone_ugv_0_m,oracle_ugv_0_m,alone_uav_0_m,oracle_uav_0_m,alone_uuv_0_m,oracle_uuv_0_m,alone_uuv_1_m,oracle_uuv_1_m,commit
fleet_default,none,none,0,0.09058381181119579,0.07563274941837406,4,280.0,0.021459787151498495,0.02726454632463271,0.1716324846389676,0.13391235442783284,0.03618228790952049,0.03813061023957867,0.08776885686052441,0.0524541089562488,4285992
fleet_default,none,none,1,0.09147565284292317,0.06932719681796429,4,280.0,0.021246348645817908,0.028341849671131517,0.12987589080122547,0.1189071766324277,0.035701212991481046,0.0378789702969456,0.07539005998829942,0.053367100223956,4285992
fleet_default,none,none,2,0.10353301301251361,0.0781068207903437,4,280.0,0.02185993786198858,0.02955870414831149,0.1385440186033312,0.12760858480287204,0.03701520734112344,0.03944477413939069,0.09138331887374755,0.07542641250034854,4285992
fleet_default,none,huber:3,0,0.09229929755977967,0.07563274941837406,4,280.0,0.021445561580707498,0.02726454632463271,0.17148903880759464,0.13391235442783284,0.03623948872375187,0.03813061023957867,0.08771452914640458,0.0524541089562488,4285992
fleet_default,none,huber:3,1,0.09019198439731275,0.06932719681796429,4,280.0,0.021256428578323744,0.028341849671131517,0.1299135718794643,0.1189071766324277,0.0356471099978924,0.0378789702969456,0.07542632371382202,0.053367100223956,4285992
fleet_default,none,huber:3,2,0.1022820577207435,0.0781068207903437,4,280.0,0.021892005848009644,0.02955870414831149,0.13854401713008507,0.12760858480287204,0.037156590659592204,0.03944477413939069,0.09175018662566284,0.07542641250034854,4285992
fleet_default,none,gnc:4.03,0,0.08857226417006789,0.07563274941837406,4,280.0,0.021500112486902374,0.02726454632463271,0.17170451353583766,0.13391235442783284,0.03602866368119904,0.03813061023957867,0.0877570642633058,0.0524541089562488,4285992
fleet_default,none,gnc:4.03,1,0.09213403016212206,0.06932719681796429,4,280.0,0.02130632507492795,0.028341849671131517,0.129878908961515,0.1189071766324277,0.0363443336179309,0.0378789702969456,0.07553833282256363,0.053367100223956,4285992
fleet_default,none,gnc:4.03,2,0.10298440208483838,0.0781068207903437,4,280.0,0.021919808880957233,0.02955870414831149,0.13855145161261195,0.12760858480287204,0.03709720411700048,0.03944477413939069,0.09070499657754744,0.07542641250034854,4285992
fleet_default,low,none,0,3.2578091202102235,0.07563274941837406,3,,0.2818149554102551,0.02726454632463271,2.9800237131191705,0.13391235442783284,0.5573460521279785,0.03813061023957867,0.8509148218157393,0.0524541089562488,4285992
fleet_default,low,none,1,0.9143241721554397,0.06932719681796429,4,400.0,0.27905314145305427,0.028341849671131517,0.9126401744822267,0.1189071766324277,0.7211552118897105,0.0378789702969456,0.9344213075253643,0.053367100223956,4285992
fleet_default,low,none,2,2.635608955084897,0.0781068207903437,3,,0.2963838073508974,0.02955870414831149,3.3104029135098547,0.12760858480287204,0.7048123920112787,0.03944477413939069,1.6693701215474024,0.07542641250034854,4285992
fleet_default,low,huber:3,0,0.4072548055342456,0.07563274941837406,4,400.0,0.023809195167371677,0.02726454632463271,0.8832133195301485,0.13391235442783284,0.04476221584832417,0.03813061023957867,0.09186283953377586,0.0524541089562488,4285992
fleet_default,low,huber:3,1,0.08929764116872616,0.06932719681796429,4,300.0,0.023623433308226378,0.028341849671131517,0.16532497268853535,0.1189071766324277,0.04674497408477745,0.0378789702969456,0.06869090796720026,0.053367100223956,4285992
fleet_default,low,huber:3,2,1.4709578240041863,0.0781068207903437,4,400.0,0.024450447649994413,0.02955870414831149,1.8137451710032573,0.12760858480287204,0.049514483617319194,0.03944477413939069,0.11498414995441192,0.07542641250034854,4285992
fleet_default,low,gnc:4.03,0,0.09039832859673357,0.07563274941837406,4,340.0,0.0218327487396019,0.02726454632463271,0.1741203182994023,0.13391235442783284,0.03740604589078441,0.03813061023957867,0.09056447182515782,0.0524541089562488,4285992
fleet_default,low,gnc:4.03,1,0.08387635476173408,0.06932719681796429,4,300.0,0.021490618005060035,0.028341849671131517,0.1255464323926487,0.1189071766324277,0.03617155266158044,0.0378789702969456,0.07625687027146895,0.053367100223956,4285992
fleet_default,low,gnc:4.03,2,0.10535723025629919,0.0781068207903437,4,340.0,0.022395181359864427,0.02955870414831149,0.1437316190774307,0.12760858480287204,0.036475069371027215,0.03944477413939069,0.098513343802397,0.07542641250034854,4285992
fleet_default,high,none,0,3.2333888076872848,0.07563274941837406,2,,0.7401860117333766,0.02726454632463271,3.5004506011559156,0.13391235442783284,1.6497282777537272,0.03813061023957867,2.6008786422307923,0.0524541089562488,4285992
fleet_default,high,none,1,0.6379847051062149,0.06932719681796429,1,,0.6379846746573545,0.028341849671131517,3.411817261367674,0.1189071766324277,1.5089076514683033,0.0378789702969456,3.543530367683251,0.053367100223956,4285992
fleet_default,high,none,2,2.833665904505994,0.0781068207903437,2,,0.6391043950211789,0.02955870414831149,3.308898009830611,0.12760858480287204,1.6336864687991723,0.03944477413939069,2.848613627004492,0.07542641250034854,4285992
fleet_default,high,huber:3,0,1.828063538768754,0.07563274941837406,4,400.0,0.0351557200562365,0.02726454632463271,1.9739148429978892,0.13391235442783284,0.10227041786833763,0.03813061023957867,0.1957149925213667,0.0524541089562488,4285992
fleet_default,high,huber:3,1,2.0726522623902177,0.06932719681796429,4,560.0,0.03394750880607155,0.028341849671131517,2.136253728602539,0.1189071766324277,0.092623030152511,0.0378789702969456,0.3202346862133462,0.053367100223956,4285992
fleet_default,high,huber:3,2,1.7080154964667116,0.0781068207903437,4,560.0,0.033916504549722844,0.02955870414831149,1.9886147414160147,0.12760858480287204,0.09112081414165905,0.03944477413939069,0.26088484961442027,0.07542641250034854,4285992
fleet_default,high,gnc:4.03,0,0.13129313396329986,0.07563274941837406,4,560.0,0.02270144720412609,0.02726454632463271,0.17512876258564336,0.13391235442783284,0.037263575567676156,0.03813061023957867,0.08079343631770758,0.0524541089562488,4285992
fleet_default,high,gnc:4.03,1,0.08999790247008595,0.06932719681796429,4,420.0,0.022223964343041525,0.028341849671131517,0.14138741310372444,0.1189071766324277,0.036940883371054715,0.0378789702969456,0.07265199279526746,0.053367100223956,4285992
fleet_default,high,gnc:4.03,2,0.09981353106665541,0.0781068207903437,4,360.0,0.02290240728969009,0.02955870414831149,0.14371820574790095,0.12760858480287204,0.03781969955315622,0.03944477413939069,0.09998247820092104,0.07542641250034854,4285992
fleet_default,burst_low,none,0,1.8469015676162233,0.07563274941837406,4,420.0,0.5203458637506064,0.02726454632463271,0.286172383229285,0.13391235442783284,0.9612643746939458,0.03813061023957867,0.7800005142862538,0.0524541089562488,4285992
fleet_default,burst_low,none,1,1.492769785502958,0.06932719681796429,4,540.0,0.38224357635234796,0.028341849671131517,0.12987581462551437,0.1189071766324277,0.972814667067545,0.0378789702969456,1.1729914978786957,0.053367100223956,4285992
fleet_default,burst_low,none,2,0.7048211974853045,0.0781068207903437,4,320.0,0.49156488387780545,0.02955870414831149,1.661254457096469,0.12760858480287204,0.6064080522926717,0.03944477413939069,0.27563582733044173,0.07542641250034854,4285992
fleet_default,burst_low,huber:3,0,0.5950441007234287,0.07563274941837406,4,280.0,0.02774511076915699,0.02726454632463271,0.17612862704930046,0.13391235442783284,0.05473000370542967,0.03813061023957867,0.16323937714454306,0.0524541089562488,4285992
fleet_default,burst_low,huber:3,1,0.10541371312083636,0.06932719681796429,4,280.0,0.026549703153541507,0.028341849671131517,0.12991348719567453,0.1189071766324277,0.06537810456456868,0.0378789702969456,0.09292903999010485,0.053367100223956,4285992
fleet_default,burst_low,huber:3,2,0.14802682097947775,0.0781068207903437,4,280.0,0.02821481043168273,0.02955870414831149,0.3506680035297533,0.12760858480287204,0.04373442404782119,0.03944477413939069,0.09344925670060855,0.07542641250034854,4285992
fleet_default,burst_low,gnc:4.03,0,0.12160437535815274,0.07563274941837406,4,300.0,0.022054362862218003,0.02726454632463271,0.17185149386363022,0.13391235442783284,0.03637827206966327,0.03813061023957867,0.08615747261463058,0.0524541089562488,4285992
fleet_default,burst_low,gnc:4.03,1,0.08409653864106524,0.06932719681796429,4,400.0,0.021806710334601527,0.028341849671131517,0.12987973817486473,0.1189071766324277,0.03703078325119064,0.0378789702969456,0.0779741924486615,0.053367100223956,4285992
fleet_default,burst_low,gnc:4.03,2,0.09375587381026057,0.0781068207903437,4,320.0,0.022250599298813543,0.02955870414831149,0.14211048415522629,0.12760858480287204,0.038366294371433234,0.03944477413939069,0.09811941452254593,0.07542641250034854,4285992
fleet_default,burst_high,none,0,1.4032831740384841,0.07563274941837406,2,,0.9343998066217329,0.02726454632463271,1.349218236819242,0.13391235442783284,1.5749846463484996,0.03813061023957867,1.3479057467117073,0.0524541089562488,4285992
fleet_default,burst_high,none,1,2.8037149637933365,0.06932719681796429,2,,0.727918477095656,0.028341849671131517,2.0562222734336055,0.1189071766324277,1.5283964105053751,0.0378789702969456,1.8369363123365745,0.053367100223956,4285992
fleet_default,burst_high,none,2,2.349469004583714,0.0781068207903437,4,480.0,0.6795930013409163,0.02955870414831149,0.2805474973489037,0.12760858480287204,0.8706358657348201,0.03944477413939069,2.5603310954445413,0.07542641250034854,4285992
fleet_default,burst_high,huber:3,0,0.15860211777351,0.07563274941837406,4,280.0,0.048169542037275,0.02726454632463271,0.1895338079966676,0.13391235442783284,0.1122989011845204,0.03813061023957867,0.21128643687052404,0.0524541089562488,4285992
fleet_default,burst_high,huber:3,1,0.29605257148226144,0.06932719681796429,4,340.0,0.04059528951497818,0.028341849671131517,0.41431863422286536,0.1189071766324277,0.19236430764995632,0.0378789702969456,0.2536792743100533,0.053367100223956,4285992
fleet_default,burst_high,huber:3,2,0.21541826398423233,0.0781068207903437,4,280.0,0.037033413141428634,0.02955870414831149,0.14062487517077774,0.12760858480287204,0.07495794873115735,0.03944477413939069,0.3228808155625888,0.07542641250034854,4285992
fleet_default,burst_high,gnc:4.03,0,0.08842199244065378,0.07563274941837406,4,280.0,0.02224990997706206,0.02726454632463271,0.17328126716312345,0.13391235442783284,0.037761163250873316,0.03813061023957867,0.08750284701014649,0.0524541089562488,4285992
fleet_default,burst_high,gnc:4.03,1,0.08138697442621061,0.06932719681796429,4,300.0,0.022603614430581665,0.028341849671131517,0.13253633609993384,0.1189071766324277,0.03758688263686593,0.0378789702969456,0.07459392878197513,0.053367100223956,4285992
fleet_default,burst_high,gnc:4.03,2,0.09464345665603968,0.0781068207903437,4,300.0,0.02316453538652033,0.02955870414831149,0.13861769157857465,0.12760858480287204,0.03962138081140329,0.03944477413939069,0.08858609160952595,0.07542641250034854,4285992
fleet_default,split_half,none,0,0.14747036674385172,0.07563274941837406,4,300.0,0.02177773575953419,0.02726454632463271,0.25690912950425604,0.13391235442783284,0.03871919189333231,0.03813061023957867,0.08729405162971608,0.0524541089562488,4285992
fleet_default,split_half,none,1,0.09021382027737608,0.06932719681796429,4,280.0,0.021313068136624945,0.028341849671131517,0.18848104360823556,0.1189071766324277,0.039305167975610386,0.0378789702969456,0.08548915532341027,0.053367100223956,4285992
fleet_default,split_half,none,2,0.09952381770863376,0.0781068207903437,4,320.0,0.0219746919543614,0.02955870414831149,0.1616096758439931,0.12760858480287204,0.04093314770979069,0.03944477413939069,0.09816047261071341,0.07542641250034854,4285992
fleet_default,split_half,huber:3,0,0.14923365075677503,0.07563274941837406,4,300.0,0.02176491098350367,0.02726454632463271,0.25676857863782,0.13391235442783284,0.038859731919170776,0.03813061023957867,0.08751154353624513,0.0524541089562488,4285992
fleet_default,split_half,huber:3,1,0.08325394934824687,0.06932719681796429,4,280.0,0.021321607643162464,0.028341849671131517,0.18848104359764678,0.1189071766324277,0.03928840807341226,0.0378789702969456,0.08590003498946151,0.053367100223956,4285992
fleet_default,split_half,huber:3,2,0.0991675335446539,0.0781068207903437,4,320.0,0.02200040686182946,0.02955870414831149,0.161609675845834,0.12760858480287204,0.041100418047495736,0.03944477413939069,0.09859429772486623,0.07542641250034854,4285992
fleet_default,split_half,gnc:4.03,0,0.15073516280561242,0.07563274941837406,4,300.0,0.02182454490321034,0.02726454632463271,0.2569097426189971,0.13391235442783284,0.038720775540421526,0.03813061023957867,0.08782471976811523,0.0524541089562488,4285992
fleet_default,split_half,gnc:4.03,1,0.08810302680648648,0.06932719681796429,4,280.0,0.02139618340005556,0.028341849671131517,0.1884832566526739,0.1189071766324277,0.040161573029482034,0.0378789702969456,0.08546763238377429,0.053367100223956,4285992
fleet_default,split_half,gnc:4.03,2,0.0994781466913744,0.0781068207903437,4,320.0,0.022005847009452077,0.02955870414831149,0.1616126911237265,0.12760858480287204,0.04098032169411862,0.03944477413939069,0.09815113674960403,0.07542641250034854,4285992
fleet_default,split_all,none,0,0.5460943071727696,0.07563274941837406,4,340.0,0.02842660109722006,0.02726454632463271,1.3433599984292484,0.13391235442783284,0.12720812443510898,0.03813061023957867,0.8953263764333128,0.0524541089562488,4285992
fleet_default,split_all,none,1,0.7644517080211357,0.06932719681796429,3,,0.03056728238152528,0.028341849671131517,2.3847630098737826,0.1189071766324277,0.061535067947428766,0.0378789702969456,2.0322907024133614,0.053367100223956,4285992
fleet_default,split_all,none,2,2.049870882743332,0.0781068207903437,4,340.0,0.027235891123383895,0.02955870414831149,3.416995191078895,0.12760858480287204,0.3245532581498287,0.03944477413939069,2.206933660852433,0.07542641250034854,4285992
fleet_default,split_all,huber:3,0,0.5495266688216364,0.07563274941837406,4,340.0,0.028293091970805838,0.02726454632463271,1.3372829724223965,0.13391235442783284,0.1278715880556719,0.03813061023957867,0.894751818049975,0.0524541089562488,4285992
fleet_default,split_all,huber:3,1,0.7727426947782695,0.06932719681796429,3,,0.030139415541390165,0.028341849671131517,2.3847630087101055,0.1189071766324277,0.061558652516163694,0.0378789702969456,2.0340299330283753,0.053367100223956,4285992
fleet_default,split_all,huber:3,2,1.9518184408489083,0.0781068207903437,4,340.0,0.027143359533534504,0.02955870414831149,3.416990951150945,0.12760858480287204,0.32459513272197577,0.03944477413939069,2.1977022480700614,0.07542641250034854,4285992
fleet_default,split_all,gnc:4.03,0,0.5303156707023902,0.07563274941837406,4,340.0,0.028360299082724156,0.02726454632463271,1.4287591746280033,0.13391235442783284,0.12722263402030898,0.03813061023957867,0.8967666545428427,0.0524541089562488,4285992
fleet_default,split_all,gnc:4.03,1,1.9901756191409017,0.06932719681796429,3,,0.030710324589269176,0.028341849671131517,2.2872463617337586,0.1189071766324277,0.06054738143366326,0.0378789702969456,2.0551104158867863,0.053367100223956,4285992
fleet_default,split_all,gnc:4.03,2,2.0523821026681395,0.0781068207903437,4,340.0,0.027069109203128407,0.02955870414831149,3.447936706753701,0.12760858480287204,0.3248268504514159,0.03944477413939069,2.135606097000044,0.07542641250034854,4285992
fleet_exploration,none,none,0,0.1175070155070023,0.0863729745018601,4,280.0,0.021459787151498495,0.03098839525092756,0.1716324846389676,0.1366498110752653,0.05183035170209084,0.060556818604309955,0.0867416661242436,0.08087387161863341,4285992
fleet_exploration,none,none,1,0.1021831824564432,0.07309352795417855,4,280.0,0.021246348645817908,0.02524984398991758,0.12987589080122547,0.11820078131687137,0.03765696859361916,0.04269162544710201,0.10118706728859872,0.07027873865119846,4285992
fleet_exploration,none,none,2,0.09523139078160597,0.07210795457327845,4,400.0,0.02185993786198858,0.025390427180386036,0.1385440186033312,0.12701565772640697,0.04800272386690894,0.043339997192262655,0.049016070400224696,0.04628414409134483,4285992
fleet_exploration,none,huber:3,0,0.11734422145978343,0.0863729745018601,4,280.0,0.021445561580707498,0.03098839525092756,0.17148903880759464,0.1366498110752653,0.05175948136743095,0.060556818604309955,0.0866226074257911,0.08087387161863341,4285992
fleet_exploration,none,huber:3,1,0.1021679452099769,0.07309352795417855,4,280.0,0.021256428578323744,0.02524984398991758,0.1299135718794643,0.11820078131687137,0.037755058976426545,0.04269162544710201,0.10158013615587938,0.07027873865119846,4285992
fleet_exploration,none,huber:3,2,0.0914753076683309,0.07210795457327845,4,400.0,0.021892005848009644,0.025390427180386036,0.13854401713008507,0.12701565772640697,0.04823580079712828,0.043339997192262655,0.049096249325926995,0.04628414409134483,4285992
fleet_exploration,none,gnc:4.03,0,0.11901494164186055,0.0863729745018601,4,280.0,0.021500112486902374,0.03098839525092756,0.17170451353583766,0.1366498110752653,0.05183053173187932,0.060556818604309955,0.08674242739037889,0.08087387161863341,4285992
fleet_exploration,none,gnc:4.03,1,0.10230679778560528,0.07309352795417855,4,280.0,0.02130632507492795,0.02524984398991758,0.129878908961515,0.11820078131687137,0.03813207668660472,0.04269162544710201,0.10094675764966898,0.07027873865119846,4285992
fleet_exploration,none,gnc:4.03,2,0.09558016688400711,0.07210795457327845,4,400.0,0.021919808880957233,0.025390427180386036,0.13855145161261195,0.12701565772640697,0.04790147131228785,0.043339997192262655,0.04952239021076382,0.04628414409134483,4285992
fleet_exploration,low,none,0,2.9890452416014925,0.0863729745018601,2,,0.2818149554102551,0.03098839525092756,2.9800237131191705,0.1366498110752653,0.6102964753805042,0.060556818604309955,0.9246801079649816,0.08087387161863341,4285992
fleet_exploration,low,none,1,1.66606927106611,0.07309352795417855,4,400.0,0.27905314145305427,0.02524984398991758,0.9126401744822267,0.11820078131687137,1.1388135206102803,0.04269162544710201,1.2757116305093104,0.07027873865119846,4285992
fleet_exploration,low,none,2,2.6500429544394533,0.07210795457327845,3,,0.2963838073508974,0.025390427180386036,3.3104029135098547,0.12701565772640697,0.5465024327989544,0.043339997192262655,1.4204819640085447,0.04628414409134483,4285992
fleet_exploration,low,huber:3,0,0.34306529795872726,0.0863729745018601,4,400.0,0.023809195167371677,0.03098839525092756,0.8832133195301485,0.1366498110752653,0.05550091535841689,0.060556818604309955,0.07875088361997098,0.08087387161863341,4285992
fleet_exploration,low,huber:3,1,0.11604486623280737,0.07309352795417855,4,280.0,0.023623433308226378,0.02524984398991758,0.16532497268853535,0.11820078131687137,0.06702897704298325,0.04269162544710201,0.14093590146576346,0.07027873865119846,4285992
fleet_exploration,low,huber:3,2,1.7265026827364558,0.07210795457327845,4,380.0,0.024450447649994413,0.025390427180386036,1.8137451710032573,0.12701565772640697,0.06586412551854999,0.043339997192262655,0.11985101752294094,0.04628414409134483,4285992
fleet_exploration,low,gnc:4.03,0,0.12670427229989847,0.0863729745018601,4,280.0,0.0218327487396019,0.03098839525092756,0.1741203182994023,0.1366498110752653,0.051633973476066,0.060556818604309955,0.08798034209032539,0.08087387161863341,4285992
fleet_exploration,low,gnc:4.03,1,0.08197612875182142,0.07309352795417855,4,280.0,0.021490618005060035,0.02524984398991758,0.1255464323926487,0.11820078131687137,0.03825369274185969,0.04269162544710201,0.10103750124943396,0.07027873865119846,4285992
fleet_exploration,low,gnc:4.03,2,0.08963846618896533,0.07210795457327845,4,340.0,0.022395181359864427,0.025390427180386036,0.1437316190774307,0.12701565772640697,0.048973807750296396,0.043339997192262655,0.059511382722523,0.04628414409134483,4285992
fleet_exploration,high,none,0,3.2333888076872848,0.0863729745018601,2,,0.7401860117333766,0.03098839525092756,3.5004506011559156,0.1366498110752653,1.4863331480346458,0.060556818604309955,3.0554675148173756,0.08087387161863341,4285992
fleet_exploration,high,none,1,0.6379847051062149,0.07309352795417855,1,,0.6379846746573545,0.02524984398991758,3.411817261367674,0.11820078131687137,1.9025583168234246,0.04269162544710201,3.3792430101885986,0.07027873865119846,4285992
fleet_exploration,high,none,2,2.833665904505994,0.07210795457327845,2,,0.6391043950211789,0.025390427180386036,3.308898009830611,0.12701565772640697,1.4005730116575636,0.043339997192262655,2.86018898682172,0.04628414409134483,4285992
fleet_exploration,high,huber:3,0,1.2016611835535176,0.0863729745018601,4,420.0,0.0351557200562365,0.03098839525092756,1.9739148429978892,0.1366498110752653,0.08222465426280094,0.060556818604309955,0.2470661451610358,0.08087387161863341,4285992
fleet_exploration,high,huber:3,1,2.2224240572770606,0.07309352795417855,4,480.0,0.03394750880607155,0.02524984398991758,2.136253728602539,0.11820078131687137,0.1287750404279676,0.04269162544710201,0.3087325071270643,0.07027873865119846,4285992
fleet_exploration,high,huber:3,2,1.7001990016063335,0.07210795457327845,4,520.0,0.033916504549722844,0.025390427180386036,1.9886147414160147,0.12701565772640697,0.10224736924860515,0.043339997192262655,0.27555771930290934,0.04628414409134483,4285992
fleet_exploration,high,gnc:4.03,0,0.12019938127887204,0.0863729745018601,4,460.0,0.02270144720412609,0.03098839525092756,0.17512876258564336,0.1366498110752653,0.058368374326584885,0.060556818604309955,0.08544573260939543,0.08087387161863341,4285992
fleet_exploration,high,gnc:4.03,1,0.10606221700924047,0.07309352795417855,4,460.0,0.022223964343041525,0.02524984398991758,0.14138741310372444,0.11820078131687137,0.03824794663816085,0.04269162544710201,0.10469554554723112,0.07027873865119846,4285992
fleet_exploration,high,gnc:4.03,2,0.08949517732724026,0.07210795457327845,4,460.0,0.02290240728969009,0.025390427180386036,0.14371820574790095,0.12701565772640697,0.048166921856507894,0.043339997192262655,0.04906876514879495,0.04628414409134483,4285992
fleet_exploration,burst_low,none,0,0.8175023057825451,0.0863729745018601,4,280.0,0.5203458637506064,0.03098839525092756,0.286172383229285,0.1366498110752653,1.0946817066300407,0.060556818604309955,0.7905687933232668,0.08087387161863341,4285992
fleet_exploration,burst_low,none,1,1.0448931248598545,0.07309352795417855,4,460.0,0.38224357635234796,0.02524984398991758,0.12987581462551437,0.11820078131687137,0.11394706948966493,0.04269162544710201,0.943899424569184,0.07027873865119846,4285992
fleet_exploration,burst_low,none,2,0.8752117444457052,0.07210795457327845,4,500.0,0.49156488387780545,0.025390427180386036,1.661254457096469,0.12701565772640697,0.7052523928674119,0.043339997192262655,0.696815678403497,0.04628414409134483,4285992
fleet_exploration,burst_low,huber:3,0,0.2229565153367267,0.0863729745018601,4,280.0,0.02774511076915699,0.03098839525092756,0.17612862704930046,0.1366498110752653,0.11472150898156114,0.060556818604309955,0.12554701217941108,0.08087387161863341,4285992
fleet_exploration,burst_low,huber:3,1,0.17039270583910757,0.07309352795417855,4,280.0,0.026549703153541507,0.02524984398991758,0.12991348719567453,0.11820078131687137,0.03991337147022826,0.04269162544710201,0.23351851420726313,0.07027873865119846,4285992
fleet_exploration,burst_low,huber:3,2,0.17138870020886687,0.07210795457327845,4,280.0,0.02821481043168273,0.025390427180386036,0.3506680035297533,0.12701565772640697,0.1450474844733256,0.043339997192262655,0.09582598321552464,0.04628414409134483,4285992
fleet_exploration,burst_low,gnc:4.03,0,0.1300618813569848,0.0863729745018601,4,280.0,0.022054362862218003,0.03098839525092756,0.17185149386363022,0.1366498110752653,0.05161849650907627,0.060556818604309955,0.08575009259075068,0.08087387161863341,4285992
fleet_exploration,burst_low,gnc:4.03,1,0.10422815504614248,0.07309352795417855,4,400.0,0.021806710334601527,0.02524984398991758,0.12987973817486473,0.11820078131687137,0.038930840672662635,0.04269162544710201,0.104159348003405,0.07027873865119846,4285992
fleet_exploration,burst_low,gnc:4.03,2,0.09497242767022926,0.07210795457327845,4,280.0,0.022250599298813543,0.025390427180386036,0.14211048415522629,0.12701565772640697,0.04808813635895707,0.043339997192262655,0.05311909313335569,0.04628414409134483,4285992
fleet_exploration,burst_high,none,0,1.5539713891606883,0.0863729745018601,3,,0.9343998066217329,0.03098839525092756,1.349218236819242,0.1366498110752653,1.5964207745607266,0.060556818604309955,1.5131488362755667,0.08087387161863341,4285992
fleet_exploration,burst_high,none,1,2.464023107894787,0.07309352795417855,3,,0.727918477095656,0.02524984398991758,2.0562222734336055,0.11820078131687137,0.879640964624252,0.04269162544710201,1.0531842659941026,0.07027873865119846,4285992
fleet_exploration,burst_high,none,2,1.9447387076213998,0.07210795457327845,4,460.0,0.6795930013409163,0.025390427180386036,0.2805474973489037,0.12701565772640697,0.6738520811852241,0.043339997192262655,2.4739661744617902,0.04628414409134483,4285992
fleet_exploration,burst_high,huber:3,0,0.21661268837190895,0.0863729745018601,4,280.0,0.048169542037275,0.03098839525092756,0.1895338079966676,0.1366498110752653,0.15438618075439647,0.060556818604309955,0.2573347845102789,0.08087387161863341,4285992
fleet_exploration,burst_high,huber:3,1,0.2879208891198552,0.07309352795417855,4,280.0,0.04059528951497818,0.02524984398991758,0.41431863422286536,0.11820078131687137,0.11541561459947619,0.04269162544710201,0.15882692954166902,0.07027873865119846,4285992
fleet_exploration,burst_high,huber:3,2,1.1394441081157929,0.07210795457327845,4,340.0,0.037033413141428634,0.025390427180386036,0.14062487517077774,0.12701565772640697,0.08821837436256076,0.043339997192262655,1.3568468712576671,0.04628414409134483,4285992
fleet_exploration,burst_high,gnc:4.03,0,0.11815655212276753,0.0863729745018601,4,280.0,0.02224990997706206,0.03098839525092756,0.17328126716312345,0.1366498110752653,0.05108767334109571,0.060556818604309955,0.09161961623438274,0.08087387161863341,4285992
fleet_exploration,burst_high,gnc:4.03,1,0.10862624154822262,0.07309352795417855,4,400.0,0.022603614430581665,0.02524984398991758,0.13253633609993384,0.11820078131687137,0.0431389516179481,0.04269162544710201,0.10301711145033501,0.07027873865119846,4285992
fleet_exploration,burst_high,gnc:4.03,2,0.11351464262050073,0.07210795457327845,4,340.0,0.02316453538652033,0.025390427180386036,0.13861769157857465,0.12701565772640697,0.046778568813581035,0.043339997192262655,0.05654998986989762,0.04628414409134483,4285992
fleet_exploration,split_half,none,0,0.16168522834299032,0.0863729745018601,4,280.0,0.02177773575953419,0.03098839525092756,0.25690912950425604,0.1366498110752653,0.05339942432156496,0.060556818604309955,0.09595617304853495,0.08087387161863341,4285992
fleet_exploration,split_half,none,1,0.13239503743229447,0.07309352795417855,4,280.0,0.021313068136624945,0.02524984398991758,0.18848104360823556,0.11820078131687137,0.05045543488519901,0.04269162544710201,0.10200045025529803,0.07027873865119846,4285992
fleet_exploration,split_half,none,2,0.0920950191847365,0.07210795457327845,4,280.0,0.0219746919543614,0.025390427180386036,0.1616096758439931,0.12701565772640697,0.05479754881665538,0.043339997192262655,0.06274356664671625,0.04628414409134483,4285992
fleet_exploration,split_half,huber:3,0,0.16169830855016787,0.0863729745018601,4,280.0,0.02176491098350367,0.03098839525092756,0.25676857863782,0.1366498110752653,0.05342750964759338,0.060556818604309955,0.09579436454684033,0.08087387161863341,4285992
fleet_exploration,split_half,huber:3,1,0.12460703325063234,0.07309352795417855,4,280.0,0.021321607643162464,0.02524984398991758,0.18848104359764678,0.11820078131687137,0.05088683170969009,0.04269162544710201,0.10218009055163858,0.07027873865119846,4285992
fleet_exploration,split_half,huber:3,2,0.09239133502308174,0.07210795457327845,4,280.0,0.02200040686182946,0.025390427180386036,0.161609675845834,0.12701565772640697,0.055081334201615324,0.043339997192262655,0.06316372299296509,0.04628414409134483,4285992
fleet_exploration,split_half,gnc:4.03,0,0.16179780694310988,0.0863729745018601,4,280.0,0.02182454490321034,0.03098839525092756,0.2569097426189971,0.1366498110752653,0.05339941892146553,0.060556818604309955,0.09596891268713416,0.08087387161863341,4285992
fleet_exploration,split_half,gnc:4.03,1,0.13413285739368883,0.07309352795417855,4,280.0,0.02139618340005556,0.02524984398991758,0.1884832566526739,0.11820078131687137,0.05225125438831257,0.04269162544710201,0.10169670191569528,0.07027873865119846,4285992
fleet_exploration,split_half,gnc:4.03,2,0.09172239698610589,0.07210795457327845,4,280.0,0.022005847009452077,0.025390427180386036,0.1616126911237265,0.12701565772640697,0.05466357717538233,0.043339997192262655,0.0648127560290766,0.04628414409134483,4285992
fleet_exploration,split_all,none,0,0.8944347925770746,0.0863729745018601,4,300.0,0.02842660109722006,0.03098839525092756,1.3433599984292484,0.1366498110752653,0.192481142655677,0.060556818604309955,1.2934797387901378,0.08087387161863341,4285992
fleet_exploration,split_all,none,1,0.8279625046398827,0.07309352795417855,4,460.0,0.03056728238152528,0.02524984398991758,2.3847630098737826,0.11820078131687137,0.2436905272162034,0.04269162544710201,0.6177054750777293,0.07027873865119846,4285992
fleet_exploration,split_all,none,2,1.9604809266044139,0.07210795457327845,4,460.0,0.027235891123383895,0.025390427180386036,3.416995191078895,0.12701565772640697,0.2693866981560256,0.043339997192262655,1.5355459580239088,0.04628414409134483,4285992
fleet_exploration,split_all,huber:3,0,0.8983542768866208,0.0863729745018601,4,300.0,0.028293091970805838,0.03098839525092756,1.3372829724223965,0.1366498110752653,0.19104311563819298,0.060556818604309955,1.2951359132841993,0.08087387161863341,4285992
fleet_exploration,split_all,huber:3,1,0.8237288142469746,0.07309352795417855,4,460.0,0.030139415541390165,0.02524984398991758,2.3847630087101055,0.11820078131687137,0.24273520578588592,0.04269162544710201,0.6167237881909438,0.07027873865119846,4285992
fleet_exploration,split_all,huber:3,2,1.9596046349440037,0.07210795457327845,4,460.0,0.027143359533534504,0.025390427180386036,3.416990951150945,0.12701565772640697,0.27043259809042475,0.043339997192262655,1.5369981351153565,0.04628414409134483,4285992
fleet_exploration,split_all,gnc:4.03,0,0.887448599541716,0.0863729745018601,4,300.0,0.028360299082724156,0.03098839525092756,1.4287591746280033,0.1366498110752653,0.1922521629406147,0.060556818604309955,1.3132390635190392,0.08087387161863341,4285992
fleet_exploration,split_all,gnc:4.03,1,0.7825385715660955,0.07309352795417855,4,460.0,0.030710324589269176,0.02524984398991758,2.2872463617337586,0.11820078131687137,0.2429370085711028,0.04269162544710201,0.5566507293174613,0.07027873865119846,4285992
fleet_exploration,split_all,gnc:4.03,2,1.963522279254384,0.07210795457327845,4,460.0,0.027069109203128407,0.025390427180386036,3.447936706753701,0.12701565772640697,0.26980741456203683,0.043339997192262655,1.523879074959915,0.04628414409134483,4285992
