preset,acoustic,seed,duration_s,method,acoustic_stride,team_ate_m,n_connected,team_connected_s,acoustic_bytes,rf_bytes,uuv_delivered_fraction,commit
fleet_default,m64,0,600.0,avatar,,0.11537149095657774,4,300.0,2340,14919,,c9d61af
fleet_default,m64,0,600.0,server,10,0.1006911473362428,2,,1533,377984,0.08485856905158069,c9d61af
fleet_default,m64,0,600.0,server,30,0.10068738706841691,2,,1530,378026,0.2512479201331115,c9d61af
fleet_default,m64,0,600.0,oracle,,0.08092206584619842,4,,,,,c9d61af
fleet_default,m64,1,600.0,avatar,,0.11556184683439989,4,280.0,2340,14272,,c9d61af
fleet_default,m64,1,600.0,server,10,0.09694688799386128,2,,1489,366344,0.06821963394342762,c9d61af
fleet_default,m64,1,600.0,server,30,0.09690724839798336,2,,1507,366365,0.22628951747088188,c9d61af
fleet_default,m64,1,600.0,oracle,,0.07429443898237198,4,,,,,c9d61af
fleet_default,m64,2,600.0,avatar,,0.12439331044892313,4,280.0,2340,14243,,c9d61af
fleet_default,m64,2,600.0,server,10,0.10101969741225776,2,,1479,371421,0.09317803660565724,c9d61af
fleet_default,m64,2,600.0,server,30,0.10101969739671278,2,,1461,370954,0.20133111480865226,c9d61af
fleet_default,m64,2,600.0,oracle,,0.07748350973486764,4,,,,,c9d61af
fleet_default,m64,3,600.0,avatar,,0.11028321348293628,4,280.0,2340,14431,,c9d61af
fleet_default,m64,3,600.0,server,10,0.09723145008024457,2,,1453,367803,0.10149750415973378,c9d61af
fleet_default,m64,3,600.0,server,30,0.09723145008024452,2,,1491,367824,0.3261231281198003,c9d61af
fleet_default,m64,3,600.0,oracle,,0.0766250128645595,4,,,,,c9d61af
fleet_default,m64,4,600.0,avatar,,0.156599760748823,4,280.0,2340,13744,,c9d61af
fleet_default,m64,4,600.0,server,10,0.12686221231648598,2,,1468,367219,0.09317803660565724,c9d61af
fleet_default,m64,4,600.0,server,30,0.12720495950159225,2,,1512,367219,0.2762063227953411,c9d61af
fleet_default,m64,4,600.0,oracle,,0.09717302317815259,4,,,,,c9d61af
fleet_default,m64,5,600.0,avatar,,0.16727628381171994,4,260.0,2340,14253,,c9d61af
fleet_default,m64,5,600.0,server,10,0.12377777479507378,2,,1483,353125,0.04326123128119801,c9d61af
fleet_default,m64,5,600.0,server,30,0.12377777479507415,2,,1539,353125,0.22628951747088186,c9d61af
fleet_default,m64,5,600.0,oracle,,0.09205645788283781,4,,,,,c9d61af
fleet_default,m64,6,600.0,avatar,,0.1661126567090606,4,340.0,2340,13829,,c9d61af
fleet_default,m64,6,600.0,server,10,0.10092495966534724,2,,1537,367772,0.08485856905158069,c9d61af
fleet_default,m64,6,600.0,server,30,0.10092495962256585,2,,1507,367772,0.2512479201331115,c9d61af
fleet_default,m64,6,600.0,oracle,,0.09360439432533986,4,,,,,c9d61af
fleet_default,m64,7,600.0,avatar,,0.14387076580440325,4,280.0,2340,14227,,c9d61af
fleet_default,m64,7,600.0,server,10,0.10089091030603081,2,,1540,364869,0.06821963394342762,c9d61af
fleet_default,m64,7,600.0,server,30,0.10088260940304912,2,,1520,364953,0.20133111480865223,c9d61af
fleet_default,m64,7,600.0,oracle,,0.0801965681310399,4,,,,,c9d61af
fleet_default,m64,8,600.0,avatar,,0.11100895288695214,4,280.0,2340,14364,,c9d61af
fleet_default,m64,8,600.0,server,10,0.10611296630208959,2,,1532,370200,0.08485856905158069,c9d61af
fleet_default,m64,8,600.0,server,30,0.10569008219789199,2,,1489,370646,0.17637271214642264,c9d61af
fleet_default,m64,8,600.0,oracle,,0.08433573713217384,4,,,,,c9d61af
fleet_default,m64,9,600.0,avatar,,0.17948457560686737,4,280.0,2340,13919,,c9d61af
fleet_default,m64,9,600.0,server,10,0.11902829772219796,2,,1512,364351,0.10149750415973377,c9d61af
fleet_default,m64,9,600.0,server,30,0.11902829772219888,2,,1492,364309,0.2762063227953411,c9d61af
fleet_default,m64,9,600.0,oracle,,0.09548501581999135,4,,,,,c9d61af
fleet_default,x150,0,600.0,avatar,,0.1097912179609916,4,220.0,3655,16535,,c9d61af
fleet_default,x150,0,600.0,server,10,0.10660068844025995,3,,2414,377580,0.1264559068219634,c9d61af
fleet_default,x150,0,600.0,server,30,0.1006509768163306,2,,2405,377424,0.40099833610648916,c9d61af
fleet_default,x150,0,600.0,oracle,,0.08092206584619842,4,,,,,c9d61af
fleet_default,x150,1,600.0,avatar,,0.11813180994340679,4,200.0,3666,15805,,c9d61af
fleet_default,x150,1,600.0,server,10,10.161630103808264,4,600.0,2423,367635,0.11813643926788686,c9d61af
fleet_default,x150,1,600.0,server,30,0.09831824981367582,2,,2344,367656,0.3261231281198003,c9d61af
fleet_default,x150,1,600.0,oracle,,0.07429443898237198,4,,,,,c9d61af
fleet_default,x150,2,600.0,avatar,,0.2008124339743951,4,200.0,3655,15886,,c9d61af
fleet_default,x150,2,600.0,server,10,0.11491560209512303,3,,2408,372208,0.13477537437603992,c9d61af
fleet_default,x150,2,600.0,server,30,0.11631259184151772,3,,2380,371460,0.40099833610648916,c9d61af
fleet_default,x150,2,600.0,oracle,,0.07748350973486764,4,,,,,c9d61af
fleet_default,x150,3,600.0,avatar,,0.12100370771913842,4,200.0,3655,16136,,c9d61af
fleet_default,x150,3,600.0,server,10,0.11366892073972142,3,,2374,367819,0.15141430948419302,c9d61af
fleet_default,x150,3,600.0,server,30,0.13494006651417237,3,,2398,368534,0.47587354409317806,c9d61af
fleet_default,x150,3,600.0,oracle,,0.0766250128645595,4,,,,,c9d61af
fleet_default,x150,4,600.0,avatar,,0.13368235161530995,4,220.0,3666,15040,,c9d61af
fleet_default,x150,4,600.0,server,10,0.1274613088364437,2,,2425,367644,0.15973377703826955,c9d61af
fleet_default,x150,4,600.0,server,30,0.13341664338753917,3,,2403,367581,0.42595673876871876,c9d61af
fleet_default,x150,4,600.0,oracle,,0.09717302317815259,4,,,,,c9d61af
fleet_default,x150,5,600.0,avatar,,0.1605217435094696,4,200.0,3655,15816,,c9d61af
fleet_default,x150,5,600.0,server,10,0.12870476719403223,3,,2430,351403,0.14309484193011646,c9d61af
fleet_default,x150,5,600.0,server,30,0.13675710578169198,3,,2394,351424,0.5008319467554077,c9d61af
fleet_default,x150,5,600.0,oracle,,0.09205645788283781,4,,,,,c9d61af
fleet_default,x150,6,600.0,avatar,,0.20483957511427772,4,200.0,3655,15738,,c9d61af
fleet_default,x150,6,600.0,server,10,0.1859545763972433,4,,2420,367960,0.15141430948419302,c9d61af
fleet_default,x150,6,600.0,server,30,0.1009249578104995,2,,2384,367960,0.4509151414309484,c9d61af
fleet_default,x150,6,600.0,oracle,,0.09360439432533986,4,,,,,c9d61af
fleet_default,x150,7,600.0,avatar,,0.5296294185150159,4,200.0,3639,15559,,c9d61af
fleet_default,x150,7,600.0,server,10,0.17043813420911655,4,580.0,2395,364107,0.14309484193011646,c9d61af
fleet_default,x150,7,600.0,server,30,0.15007325204501443,3,,2436,363481,0.37603993344425957,c9d61af
fleet_default,x150,7,600.0,oracle,,0.0801965681310399,4,,,,,c9d61af
fleet_default,x150,8,600.0,avatar,,0.15847289717243723,4,240.0,3666,15812,,c9d61af
fleet_default,x150,8,600.0,server,10,0.13673906826310697,4,,2423,370410,0.1264559068219634,c9d61af
fleet_default,x150,8,600.0,server,30,0.14924526855414896,3,,2425,370074,0.3261231281198004,c9d61af
fleet_default,x150,8,600.0,oracle,,0.08433573713217384,4,,,,,c9d61af
fleet_default,x150,9,600.0,avatar,,0.18325227141885111,4,220.0,3655,15314,,c9d61af
fleet_default,x150,9,600.0,server,10,0.21482944625945066,4,540.0,2421,363703,0.15973377703826955,c9d61af
fleet_default,x150,9,600.0,server,30,0.13603027162514134,3,,2408,363724,0.45091514143094846,c9d61af
fleet_default,x150,9,600.0,oracle,,0.09548501581999135,4,,,,,c9d61af
fleet_default,acoustic_generic,0,600.0,avatar,,0.10689779991087424,4,80.0,15938,23931,,c9d61af
fleet_default,acoustic_generic,0,600.0,server,10,0.1234159289135833,4,140.0,11341,377081,1.0,c9d61af
fleet_default,acoustic_generic,0,600.0,server,30,0.1714616103026911,4,360.0,3870,377496,1.0,c9d61af
fleet_default,acoustic_generic,0,600.0,oracle,,0.08092206584619842,4,,,,,c9d61af
fleet_default,acoustic_generic,1,600.0,avatar,,0.09250652076163515,4,120.0,14893,22749,,c9d61af
fleet_default,acoustic_generic,1,600.0,server,10,0.09503941409163168,4,140.0,11610,369058,0.9833610648918469,c9d61af
fleet_default,acoustic_generic,1,600.0,server,30,0.16094737955964525,4,480.0,4515,368462,0.9750415973377704,c9d61af
fleet_default,acoustic_generic,1,600.0,oracle,,0.07429443898237198,4,,,,,c9d61af
fleet_default,acoustic_generic,2,600.0,avatar,,0.10604410773005721,4,80.0,15336,23376,,c9d61af
fleet_default,acoustic_generic,2,600.0,server,10,0.14218325721849845,4,180.0,11609,371771,0.9833610648918469,c9d61af
fleet_default,acoustic_generic,2,600.0,server,30,0.12518498821649307,3,500.0,4012,372220,1.0,c9d61af
fleet_default,acoustic_generic,2,600.0,oracle,,0.07748350973486764,4,,,,,c9d61af
fleet_default,acoustic_generic,3,600.0,avatar,,0.1169361300159665,4,80.0,15339,23741,,c9d61af
fleet_default,acoustic_generic,3,600.0,server,10,0.09665195910538868,4,120.0,11376,368988,0.9833610648918469,c9d61af
fleet_default,acoustic_generic,3,600.0,server,30,0.31896267600284184,4,480.0,4011,367810,0.9750415973377704,c9d61af
fleet_default,acoustic_generic,3,600.0,oracle,,0.0766250128645595,4,,,,,c9d61af
fleet_default,acoustic_generic,4,600.0,avatar,,0.14150847346007567,4,120.0,15570,23163,,c9d61af
fleet_default,acoustic_generic,4,600.0,server,10,0.1438399497171014,4,300.0,11416,367476,1.0,c9d61af
fleet_default,acoustic_generic,4,600.0,server,30,0.4740519636576537,4,500.0,4143,367581,1.0,c9d61af
fleet_default,acoustic_generic,4,600.0,oracle,,0.09717302317815259,4,,,,,c9d61af
fleet_default,acoustic_generic,5,600.0,avatar,,0.16281734035205506,4,80.0,15035,22989,,c9d61af
fleet_default,acoustic_generic,5,600.0,server,10,0.11612062770260224,4,120.0,11572,353712,1.0,c9d61af
fleet_default,acoustic_generic,5,600.0,server,30,0.20568760742823003,4,380.0,4077,351436,1.0,c9d61af
fleet_default,acoustic_generic,5,600.0,oracle,,0.09205645788283781,4,,,,,c9d61af
fleet_default,acoustic_generic,6,600.0,avatar,,0.16649782351334413,4,120.0,15502,23269,,c9d61af
fleet_default,acoustic_generic,6,600.0,server,10,0.15297029199272855,4,200.0,11067,366190,1.0,c9d61af
fleet_default,acoustic_generic,6,600.0,server,30,0.22235213895413286,4,440.0,3806,367771,1.0,c9d61af
fleet_default,acoustic_generic,6,600.0,oracle,,0.09360439432533986,4,,,,,c9d61af
fleet_default,acoustic_generic,7,600.0,avatar,,0.13133753901237416,4,80.0,15671,23919,,c9d61af
fleet_default,acoustic_generic,7,600.0,server,10,0.10940633462127136,4,120.0,11248,365816,1.0,c9d61af
fleet_default,acoustic_generic,7,600.0,server,30,0.16342565510655646,3,,3999,364691,1.0,c9d61af
fleet_default,acoustic_generic,7,600.0,oracle,,0.0801965681310399,4,,,,,c9d61af
fleet_default,acoustic_generic,8,600.0,avatar,,0.11372116431635869,4,100.0,15432,23392,,c9d61af
fleet_default,acoustic_generic,8,600.0,server,10,0.12034105428477239,4,160.0,11699,368113,1.0,c9d61af
fleet_default,acoustic_generic,8,600.0,server,30,0.17280082153537651,4,360.0,3858,371533,1.0,c9d61af
fleet_default,acoustic_generic,8,600.0,oracle,,0.08433573713217384,4,,,,,c9d61af
fleet_default,acoustic_generic,9,600.0,avatar,,0.17126191902631863,4,160.0,15706,23393,,c9d61af
fleet_default,acoustic_generic,9,600.0,server,10,0.1476701014067937,4,180.0,11621,363715,0.9833610648918469,c9d61af
fleet_default,acoustic_generic,9,600.0,server,30,0.32734746533300463,4,500.0,4103,363110,1.0,c9d61af
fleet_default,acoustic_generic,9,600.0,oracle,,0.09548501581999135,4,,,,,c9d61af
