tier,seed,duration_s,team_ate_avatar_m,team_ate_oracle_m,team_ate_oracle_robust_m,team_connected_s,n_connected,n_slam,alignments,wrong_alignments,frame_err_max_m,g1_pass,detections,wall_s,ate_solo_ugv_0_m,ate_fused_ugv_0_m,ate_team_ugv_0_m,ate_solo_uav_0_m,ate_fused_uav_0_m,ate_team_uav_0_m,ate_solo_uuv_0_m,ate_fused_uuv_0_m,ate_team_uuv_0_m,ate_solo_uuv_1_m,ate_fused_uuv_1_m,ate_team_uuv_1_m,fe_ugv_0,fe_uav_0,fe_uuv_0,fe_uuv_1,commit
T2p,0,600.0,0.2038566092953027,0.17477613603476694,0.16892466216595853,340.0,4,4,10,0,0.31361875282961077,True,9845,239.39767879,0.16789114167757177,0.1679239701437259,0.23282568700665063,0.1280694299605299,0.16771115327408068,0.19530780936437814,0.060682933919449705,0.061577175619817286,0.1777906414069798,0.11038289769874167,0.0980783535282752,0.20559089355507548,"{""ambiguous_registrations"": 0, ""clusters"": 4825, ""dropped_ambiguous"": 0, ""matched"": 4641, ""registrations"": 0, ""spurious"": 184, ""tracks"": 0, ""wrong_track"": 0}","{""ambiguous_registrations"": 0, ""clusters"": 197, ""dropped_ambiguous"": 0, ""matched"": 197, ""registrations"": 0, ""spurious"": 0, ""tracks"": 0, ""wrong_track"": 0}","{""ambiguous_registrations"": 0, ""clusters"": 3176, ""dropped_ambiguous"": 0, ""matched"": 2044, ""registrations"": 0, ""spurious"": 1132, ""tracks"": 0, ""wrong_track"": 0}","{""ambiguous_registrations"": 0, ""clusters"": 1647, ""dropped_ambiguous"": 0, ""matched"": 1045, ""registrations"": 0, ""spurious"": 602, ""tracks"": 0, ""wrong_track"": 0}",aa62590
T2pekf,0,600.0,0.17570020799109493,0.18732401132685686,0.17770136813598322,320.0,4,4,10,0,0.35453274945640884,True,8654,197.348275402,0.16710330479100763,0.16683256210378739,0.2220516755301479,0.12554941219633217,0.16090147617277617,0.20516761727044527,0.08443043254733659,0.08501905747968523,0.11598520107065288,0.11604518802763748,0.10213380497809679,0.13648804967057843,"{""ambiguous_registrations"": 0, ""clusters"": 4825, ""dropped_ambiguous"": 18, ""landmarks_bad"": 0, ""landmarks_confirmed"": 44, ""matched"": 4641, ""registrations"": 4553, ""spurious"": 184, ""tracks"": 68, ""unreleased"": 40, ""wrong_track"": 8}","{""ambiguous_registrations"": 0, ""clusters"": 201, ""dropped_ambiguous"": 4, ""landmarks_bad"": 0, ""landmarks_confirmed"": 4, ""matched"": 201, ""registrations"": 72, ""spurious"": 0, ""tracks"": 21, ""unreleased"": 2, ""wrong_track"": 0}","{""ambiguous_registrations"": 0, ""clusters"": 3176, ""dropped_ambiguous"": 532, ""landmarks_bad"": 3, ""landmarks_confirmed"": 49, ""matched"": 2044, ""registrations"": 2144, ""spurious"": 1132, ""tracks"": 82, ""unreleased"": 205, ""wrong_track"": 15}","{""ambiguous_registrations"": 0, ""clusters"": 1647, ""dropped_ambiguous"": 179, ""landmarks_bad"": 3, ""landmarks_confirmed"": 43, ""matched"": 1045, ""registrations"": 1014, ""spurious"": 602, ""tracks"": 76, ""unreleased"": 215, ""wrong_track"": 4}",aa62590
T2p,1,600.0,0.2131607335768457,0.22149874942489237,0.2025186225054234,340.0,4,4,9,0,0.573599107666397,True,9435,217.89616030000002,0.19392729875286274,0.1938481555729704,0.30400811866205507,0.13655684843295043,0.1487102273356765,0.2057296475197779,0.05545914556746685,0.053668154017951566,0.0800675433559491,0.18515721708494287,0.17069739798693429,0.20147843005137053,"{""ambiguous_registrations"": 0, ""clusters"": 4577, ""dropped_ambiguous"": 0, ""matched"": 4498, ""registrations"": 0, ""spurious"": 79, ""tracks"": 0, ""wrong_track"": 0}","{""ambiguous_registrations"": 0, ""clusters"": 183, ""dropped_ambiguous"": 0, ""matched"": 183, ""registrations"": 0, ""spurious"": 0, ""tracks"": 0, ""wrong_track"": 0}","{""ambiguous_registrations"": 0, ""clusters"": 3099, ""dropped_ambiguous"": 0, ""matched"": 2051, ""registrations"": 0, ""spurious"": 1048, ""tracks"": 0, ""wrong_track"": 0}","{""ambiguous_registrations"": 0, ""clusters"": 1576, ""dropped_ambiguous"": 0, ""matched"": 1038, ""registrations"": 0, ""spurious"": 538, ""tracks"": 0, ""wrong_track"": 0}",aa62590
T2pekf,1,600.0,0.208906010194539,0.22140325347987172,0.20062784564740893,400.0,4,4,9,0,0.6087723208199164,True,8142,188.36270524400004,0.16725928443464483,0.1671806575390752,0.27890427306986676,0.13655684424268325,0.1477123054211661,0.20592060122067332,0.06712192508530411,0.06686607394627739,0.12269211595135292,0.1665736944174327,0.15891616063960118,0.19829937347674276,"{""ambiguous_registrations"": 0, ""clusters"": 4577, ""dropped_ambiguous"": 226, ""landmarks_bad"": 0, ""landmarks_confirmed"": 38, ""matched"": 4498, ""registrations"": 4104, ""spurious"": 79, ""tracks"": 56, ""unreleased"": 27, ""wrong_track"": 27}","{""ambiguous_registrations"": 0, ""clusters"": 183, ""dropped_ambiguous"": 0, ""landmarks_bad"": 0, ""landmarks_confirmed"": 2, ""matched"": 183, ""registrations"": 44, ""spurious"": 0, ""tracks"": 20, ""unreleased"": 1, ""wrong_track"": 0}","{""ambiguous_registrations"": 0, ""clusters"": 3099, ""dropped_ambiguous"": 425, ""landmarks_bad"": 5, ""landmarks_confirmed"": 44, ""matched"": 2051, ""registrations"": 2211, ""spurious"": 1048, ""tracks"": 79, ""unreleased"": 202, ""wrong_track"": 10}","{""ambiguous_registrations"": 0, ""clusters"": 1576, ""dropped_ambiguous"": 199, ""landmarks_bad"": 1, ""landmarks_confirmed"": 38, ""matched"": 1038, ""registrations"": 942, ""spurious"": 538, ""tracks"": 66, ""unreleased"": 213, ""wrong_track"": 2}",aa62590
T2p,2,600.0,0.20000687259997404,0.1494303858208726,0.15144129518997848,420.0,4,4,9,0,0.6500043182772138,True,9849,236.086527457,0.14221627871804507,0.1420939341803778,0.25031270179339016,0.14462888065773105,0.16465281969896006,0.20566549856715746,0.06226061479345501,0.06247628525804719,0.08740338680612678,0.12157209510573501,0.1142129204608061,0.21775421544421006,"{""ambiguous_registrations"": 0, ""clusters"": 4891, ""dropped_ambiguous"": 0, ""matched"": 4732, ""registrations"": 0, ""spurious"": 159, ""tracks"": 0, ""wrong_track"": 0}","{""ambiguous_registrations"": 0, ""clusters"": 208, ""dropped_ambiguous"": 0, ""matched"": 208, ""registrations"": 0, ""spurious"": 0, ""tracks"": 0, ""wrong_track"": 0}","{""ambiguous_registrations"": 0, ""clusters"": 3189, ""dropped_ambiguous"": 0, ""matched"": 2057, ""registrations"": 0, ""spurious"": 1132, ""tracks"": 0, ""wrong_track"": 0}","{""ambiguous_registrations"": 0, ""clusters"": 1561, ""dropped_ambiguous"": 0, ""matched"": 1029, ""registrations"": 0, ""spurious"": 532, ""tracks"": 0, ""wrong_track"": 0}",aa62590
T2pekf,2,600.0,0.23798143740466488,0.13710019679445742,0.14573262311515778,420.0,4,4,10,0,0.5450512244386658,True,8681,253.42135884599998,0.14082648530923011,0.14085273700861994,0.2590933653650898,0.1447885171287258,0.1625185054783255,0.20050693235580264,0.07066642487390888,0.07010020382923246,0.13495353095316354,0.13821178391666866,0.13107910973352263,0.3177983649754871,"{""ambiguous_registrations"": 0, ""clusters"": 4900, ""dropped_ambiguous"": 92, ""landmarks_bad"": 0, ""landmarks_confirmed"": 45, ""matched"": 4742, ""registrations"": 4519, ""spurious"": 158, ""tracks"": 69, ""unreleased"": 57, ""wrong_track"": 32}","{""ambiguous_registrations"": 0, ""clusters"": 203, ""dropped_ambiguous"": 0, ""landmarks_bad"": 0, ""landmarks_confirmed"": 2, ""matched"": 203, ""registrations"": 47, ""spurious"": 0, ""tracks"": 22, ""unreleased"": 0, ""wrong_track"": 0}","{""ambiguous_registrations"": 0, ""clusters"": 3189, ""dropped_ambiguous"": 403, ""landmarks_bad"": 3, ""landmarks_confirmed"": 52, ""matched"": 2057, ""registrations"": 2278, ""spurious"": 1132, ""tracks"": 87, ""unreleased"": 187, ""wrong_track"": 9}","{""ambiguous_registrations"": 0, ""clusters"": 1561, ""dropped_ambiguous"": 253, ""landmarks_bad"": 2, ""landmarks_confirmed"": 37, ""matched"": 1029, ""registrations"": 865, ""spurious"": 532, ""tracks"": 81, ""unreleased"": 180, ""wrong_track"": 4}",aa62590
T2p,3,600.0,0.19074511515866482,0.1649300516018955,0.17002245386123252,440.0,4,4,10,0,0.22183940968261578,True,9740,194.3441651579999,0.20408205394488296,0.20417428850411376,0.26721356730799006,0.18120620548306038,0.17897566903984874,0.21760025816446554,0.07916632288499525,0.07849219687367465,0.0865990369684666,0.10978005416666685,0.10270890454034644,0.13886122467053058,"{""ambiguous_registrations"": 0, ""clusters"": 4702, ""dropped_ambiguous"": 0, ""matched"": 4527, ""registrations"": 0, ""spurious"": 175, ""tracks"": 0, ""wrong_track"": 0}","{""ambiguous_registrations"": 0, ""clusters"": 233, ""dropped_ambiguous"": 0, ""matched"": 233, ""registrations"": 0, ""spurious"": 0, ""tracks"": 0, ""wrong_track"": 0}","{""ambiguous_registrations"": 0, ""clusters"": 3117, ""dropped_ambiguous"": 0, ""matched"": 2031, ""registrations"": 0, ""spurious"": 1086, ""tracks"": 0, ""wrong_track"": 0}","{""ambiguous_registrations"": 0, ""clusters"": 1688, ""dropped_ambiguous"": 0, ""matched"": 1120, ""registrations"": 0, ""spurious"": 568, ""tracks"": 0, ""wrong_track"": 0}",aa62590
T2pekf,3,600.0,17.015072013293388,0.18006095502879246,0.1794201340167305,,3,4,8,1,nan,False,8344,186.3997356069999,0.2024226448511867,0.20243560958208884,24.062184379465652,0.18120620548306038,0.18829780704354726,12.052274772170476,0.07384335831402936,0.07318590096147207,nan,0.1364256516632571,0.1276982434885256,12.012159779048133,"{""ambiguous_registrations"": 0, ""clusters"": 4702, ""dropped_ambiguous"": 245, ""landmarks_bad"": 1, ""landmarks_confirmed"": 40, ""matched"": 4527, ""registrations"": 4151, ""spurious"": 175, ""tracks"": 75, ""unreleased"": 32, ""wrong_track"": 18}","{""ambiguous_registrations"": 0, ""clusters"": 233, ""dropped_ambiguous"": 0, ""landmarks_bad"": 0, ""landmarks_confirmed"": 3, ""matched"": 233, ""registrations"": 74, ""spurious"": 0, ""tracks"": 23, ""unreleased"": 0, ""wrong_track"": 0}","{""ambiguous_registrations"": 0, ""clusters"": 3117, ""dropped_ambiguous"": 553, ""landmarks_bad"": 6, ""landmarks_confirmed"": 40, ""matched"": 2031, ""registrations"": 2091, ""spurious"": 1086, ""tracks"": 77, ""unreleased"": 191, ""wrong_track"": 11}","{""ambiguous_registrations"": 0, ""clusters"": 1688, ""dropped_ambiguous"": 166, ""landmarks_bad"": 4, ""landmarks_confirmed"": 46, ""matched"": 1120, ""registrations"": 1061, ""spurious"": 568, ""tracks"": 82, ""unreleased"": 209, ""wrong_track"": 7}",aa62590
T2p,4,600.0,0.23365838817253726,0.17602907342121896,0.16531318114419352,460.0,4,4,8,0,0.3191243346292793,True,9345,189.02143323899998,0.12777316244463088,0.1278223942926193,0.27322776894448,0.16530158673098128,0.18921022968344886,0.22783306704690234,0.10874394536412606,0.11323555957745444,0.14281392832420337,0.19086339362548232,0.1661705191462786,0.2672598570077169,"{""ambiguous_registrations"": 0, ""clusters"": 4505, ""dropped_ambiguous"": 0, ""matched"": 4303, ""registrations"": 0, ""spurious"": 202, ""tracks"": 0, ""wrong_track"": 0}","{""ambiguous_registrations"": 0, ""clusters"": 190, ""dropped_ambiguous"": 0, ""matched"": 190, ""registrations"": 0, ""spurious"": 0, ""tracks"": 0, ""wrong_track"": 0}","{""ambiguous_registrations"": 0, ""clusters"": 3098, ""dropped_ambiguous"": 0, ""matched"": 2129, ""registrations"": 0, ""spurious"": 969, ""tracks"": 0, ""wrong_track"": 0}","{""ambiguous_registrations"": 0, ""clusters"": 1552, ""dropped_ambiguous"": 0, ""matched"": 1054, ""registrations"": 0, ""spurious"": 498, ""tracks"": 0, ""wrong_track"": 0}",aa62590
T2pekf,4,600.0,0.21641885752896242,0.1756557390701731,0.16647745875844538,480.0,4,4,9,0,0.3191114068885181,True,8474,257.36693129699995,0.1253300222373316,0.12521785194949644,0.25890421964768207,0.16530158673098128,0.18968245606533637,0.2269487133792865,0.10773649443029831,0.10978237194253479,0.19340630068270262,0.19418110582400958,0.15995445484780765,0.17721562283531517,"{""ambiguous_registrations"": 0, ""clusters"": 4505, ""dropped_ambiguous"": 25, ""landmarks_bad"": 0, ""landmarks_confirmed"": 44, ""matched"": 4303, ""registrations"": 4151, ""spurious"": 202, ""tracks"": 84, ""unreleased"": 41, ""wrong_track"": 17}","{""ambiguous_registrations"": 0, ""clusters"": 190, ""dropped_ambiguous"": 0, ""landmarks_bad"": 0, ""landmarks_confirmed"": 2, ""matched"": 190, ""registrations"": 52, ""spurious"": 0, ""tracks"": 22, ""unreleased"": 0, ""wrong_track"": 0}","{""ambiguous_registrations"": 0, ""clusters"": 3098, ""dropped_ambiguous"": 382, ""landmarks_bad"": 2, ""landmarks_confirmed"": 48, ""matched"": 2129, ""registrations"": 2272, ""spurious"": 969, ""tracks"": 86, ""unreleased"": 144, ""wrong_track"": 12}","{""ambiguous_registrations"": 0, ""clusters"": 1552, ""dropped_ambiguous"": 114, ""landmarks_bad"": 2, ""landmarks_confirmed"": 43, ""matched"": 1054, ""registrations"": 1002, ""spurious"": 498, ""tracks"": 78, ""unreleased"": 165, ""wrong_track"": 63}",aa62590
T2p,5,600.0,0.20829143401587863,0.18438499802569283,0.193933297802497,240.0,4,4,10,1,0.4905640352440665,True,8829,197.43111507599997,0.21346771695723593,0.2136224023638961,0.2906296093484792,0.22255441789963257,0.18930800296347394,0.22766790346026466,0.08428803026420034,0.08219400362923518,0.11244690950755734,0.11388066502861645,0.10891533515314597,0.1568398367243529,"{""ambiguous_registrations"": 0, ""clusters"": 3709, ""dropped_ambiguous"": 0, ""matched"": 3620, ""registrations"": 0, ""spurious"": 89, ""tracks"": 0, ""wrong_track"": 0}","{""ambiguous_registrations"": 0, ""clusters"": 192, ""dropped_ambiguous"": 0, ""matched"": 192, ""registrations"": 0, ""spurious"": 0, ""tracks"": 0, ""wrong_track"": 0}","{""ambiguous_registrations"": 0, ""clusters"": 3293, ""dropped_ambiguous"": 0, ""matched"": 2188, ""registrations"": 0, ""spurious"": 1105, ""tracks"": 0, ""wrong_track"": 0}","{""ambiguous_registrations"": 0, ""clusters"": 1635, ""dropped_ambiguous"": 0, ""matched"": 1067, ""registrations"": 0, ""spurious"": 568, ""tracks"": 0, ""wrong_track"": 0}",aa62590
T2pekf,5,600.0,0.20690562310586252,0.18094439877489385,0.188960973180788,240.0,4,4,8,1,0.5002834287837458,True,7632,229.47620463400006,0.2107295268504488,0.21095787675246258,0.2925216640323136,0.2230234636348769,0.18945316881869576,0.23132136330728917,0.08590931850623228,0.08459192995472914,0.11141050055997827,0.10388260537113858,0.10297834653175189,0.14053096031017284,"{""ambiguous_registrations"": 0, ""clusters"": 3709, ""dropped_ambiguous"": 224, ""landmarks_bad"": 2, ""landmarks_confirmed"": 39, ""matched"": 3620, ""registrations"": 3248, ""spurious"": 89, ""tracks"": 60, ""unreleased"": 38, ""wrong_track"": 3}","{""ambiguous_registrations"": 0, ""clusters"": 196, ""dropped_ambiguous"": 4, ""landmarks_bad"": 0, ""landmarks_confirmed"": 1, ""matched"": 196, ""registrations"": 37, ""spurious"": 0, ""tracks"": 22, ""unreleased"": 0, ""wrong_track"": 0}","{""ambiguous_registrations"": 0, ""clusters"": 3293, ""dropped_ambiguous"": 439, ""landmarks_bad"": 2, ""landmarks_confirmed"": 43, ""matched"": 2188, ""registrations"": 2380, ""spurious"": 1105, ""tracks"": 77, ""unreleased"": 189, ""wrong_track"": 9}","{""ambiguous_registrations"": 0, ""clusters"": 1635, ""dropped_ambiguous"": 133, ""landmarks_bad"": 2, ""landmarks_confirmed"": 44, ""matched"": 1067, ""registrations"": 1056, ""spurious"": 568, ""tracks"": 81, ""unreleased"": 174, ""wrong_track"": 5}",aa62590
T2p,6,600.0,0.23472422806323587,0.19398868150873097,0.19411099923592665,420.0,4,4,9,0,0.444317136488167,True,9598,194.72862094000004,0.18871110066286437,0.18870730000215524,0.3063621516652789,0.18503129504120064,0.1981003049465253,0.23805252782692174,0.05615933159236193,0.055037063134871715,0.09406457207855735,0.19659799960085964,0.1707701944770431,0.24699582033192188,"{""ambiguous_registrations"": 0, ""clusters"": 4735, ""dropped_ambiguous"": 0, ""matched"": 4517, ""registrations"": 0, ""spurious"": 218, ""tracks"": 0, ""wrong_track"": 0}","{""ambiguous_registrations"": 0, ""clusters"": 165, ""dropped_ambiguous"": 0, ""matched"": 165, ""registrations"": 0, ""spurious"": 0, ""tracks"": 0, ""wrong_track"": 0}","{""ambiguous_registrations"": 0, ""clusters"": 3096, ""dropped_ambiguous"": 0, ""matched"": 2016, ""registrations"": 0, ""spurious"": 1080, ""tracks"": 0, ""wrong_track"": 0}","{""ambiguous_registrations"": 0, ""clusters"": 1602, ""dropped_ambiguous"": 0, ""matched"": 1125, ""registrations"": 0, ""spurious"": 477, ""tracks"": 0, ""wrong_track"": 0}",aa62590
T2pekf,6,600.0,0.2431837167114267,0.1917001858537716,0.19234910781521775,420.0,4,4,8,0,0.5706545860474521,True,8162,218.91440380400002,0.18354860679054408,0.1837180623261536,0.30322590456434534,0.19033349645044456,0.2054284578955759,0.24772519273700874,0.08926219055080141,0.0877891873997005,0.11164767721260446,0.1655608908249166,0.15228573767328732,0.2660345018073975,"{""ambiguous_registrations"": 0, ""clusters"": 4719, ""dropped_ambiguous"": 322, ""landmarks_bad"": 1, ""landmarks_confirmed"": 40, ""matched"": 4506, ""registrations"": 4091, ""spurious"": 213, ""tracks"": 71, ""unreleased"": 50, ""wrong_track"": 23}","{""ambiguous_registrations"": 0, ""clusters"": 155, ""dropped_ambiguous"": 16, ""landmarks_bad"": 0, ""landmarks_confirmed"": 0, ""matched"": 155, ""registrations"": 11, ""spurious"": 0, ""tracks"": 19, ""unreleased"": 5, ""wrong_track"": 0}","{""ambiguous_registrations"": 0, ""clusters"": 3096, ""dropped_ambiguous"": 424, ""landmarks_bad"": 6, ""landmarks_confirmed"": 45, ""matched"": 2016, ""registrations"": 2165, ""spurious"": 1080, ""tracks"": 81, ""unreleased"": 190, ""wrong_track"": 6}","{""ambiguous_registrations"": 0, ""clusters"": 1602, ""dropped_ambiguous"": 212, ""landmarks_bad"": 3, ""landmarks_confirmed"": 40, ""matched"": 1125, ""registrations"": 998, ""spurious"": 477, ""tracks"": 61, ""unreleased"": 191, ""wrong_track"": 8}",aa62590
T2p,7,600.0,0.2127216473646641,0.15349777737694048,0.14692298645565072,340.0,4,4,9,0,0.5788454717990202,True,10015,223.795584437,0.17502772184950965,0.17500156280046328,0.2566429410908201,0.13808868087355647,0.17220085121397605,0.24011103739133832,0.07077107031475564,0.07185104811882503,0.13583676378012263,0.13384463213676773,0.1284012527657821,0.1975638153787235,"{""ambiguous_registrations"": 0, ""clusters"": 4800, ""dropped_ambiguous"": 0, ""matched"": 4651, ""registrations"": 0, ""spurious"": 149, ""tracks"": 0, ""wrong_track"": 0}","{""ambiguous_registrations"": 0, ""clusters"": 193, ""dropped_ambiguous"": 0, ""matched"": 193, ""registrations"": 0, ""spurious"": 0, ""tracks"": 0, ""wrong_track"": 0}","{""ambiguous_registrations"": 0, ""clusters"": 3268, ""dropped_ambiguous"": 0, ""matched"": 2105, ""registrations"": 0, ""spurious"": 1163, ""tracks"": 0, ""wrong_track"": 0}","{""ambiguous_registrations"": 0, ""clusters"": 1754, ""dropped_ambiguous"": 0, ""matched"": 1097, ""registrations"": 0, ""spurious"": 657, ""tracks"": 0, ""wrong_track"": 0}",aa62590
T2pekf,7,600.0,0.17592558281293744,0.14904390806998158,0.14433175012142896,340.0,4,4,9,0,0.49888980355852636,True,8530,250.65304979099994,0.1779466137927159,0.17805581754235467,0.21418427933034304,0.13836037054726025,0.1754449235809845,0.22153630280847292,0.08279501493773782,0.08303490268512463,0.11811564776174777,0.11877968372375264,0.10978992106368352,0.12204383446861934,"{""ambiguous_registrations"": 0, ""clusters"": 4800, ""dropped_ambiguous"": 250, ""landmarks_bad"": 0, ""landmarks_confirmed"": 39, ""matched"": 4651, ""registrations"": 4235, ""spurious"": 149, ""tracks"": 70, ""unreleased"": 44, ""wrong_track"": 21}","{""ambiguous_registrations"": 0, ""clusters"": 187, ""dropped_ambiguous"": 4, ""landmarks_bad"": 0, ""landmarks_confirmed"": 2, ""matched"": 187, ""registrations"": 53, ""spurious"": 0, ""tracks"": 20, ""unreleased"": 2, ""wrong_track"": 0}","{""ambiguous_registrations"": 0, ""clusters"": 3268, ""dropped_ambiguous"": 553, ""landmarks_bad"": 5, ""landmarks_confirmed"": 45, ""matched"": 2105, ""registrations"": 2178, ""spurious"": 1163, ""tracks"": 81, ""unreleased"": 206, ""wrong_track"": 5}","{""ambiguous_registrations"": 0, ""clusters"": 1754, ""dropped_ambiguous"": 190, ""landmarks_bad"": 1, ""landmarks_confirmed"": 46, ""matched"": 1097, ""registrations"": 1011, ""spurious"": 657, ""tracks"": 94, ""unreleased"": 230, ""wrong_track"": 1}",aa62590
T2p,8,600.0,0.25399175769185117,0.16715220117644267,0.17652743733944196,480.0,4,4,10,0,0.6424776085188175,True,9163,181.20569250200003,0.16035942998202626,0.16078611316449992,0.3125547617929262,0.1322502605378883,0.1499788303679502,0.22180066469961726,0.09876528861893827,0.09731743540595672,0.19561650575790168,0.09770918065329931,0.09472939036043734,0.2699915194890908,"{""ambiguous_registrations"": 0, ""clusters"": 4266, ""dropped_ambiguous"": 0, ""matched"": 4113, ""registrations"": 0, ""spurious"": 153, ""tracks"": 0, ""wrong_track"": 0}","{""ambiguous_registrations"": 0, ""clusters"": 200, ""dropped_ambiguous"": 0, ""matched"": 200, ""registrations"": 0, ""spurious"": 0, ""tracks"": 0, ""wrong_track"": 0}","{""ambiguous_registrations"": 0, ""clusters"": 3071, ""dropped_ambiguous"": 0, ""matched"": 1927, ""registrations"": 0, ""spurious"": 1144, ""tracks"": 0, ""wrong_track"": 0}","{""ambiguous_registrations"": 0, ""clusters"": 1626, ""dropped_ambiguous"": 0, ""matched"": 1087, ""registrations"": 0, ""spurious"": 539, ""tracks"": 0, ""wrong_track"": 0}",aa62590
T2pekf,8,600.0,0.25624848472795897,0.17470717073020703,0.18068753496448334,,3,4,7,0,nan,False,7576,207.267133102,0.16620804906503434,0.1661055335587999,0.29606238166179444,0.1324794787610037,0.15274244612015775,0.20825679810055975,0.10477497409476969,0.10396411274514127,nan,0.09786948299518429,0.09263484878971097,0.2568385290134129,"{""ambiguous_registrations"": 0, ""clusters"": 4294, ""dropped_ambiguous"": 526, ""landmarks_bad"": 2, ""landmarks_confirmed"": 37, ""matched"": 4136, ""registrations"": 3464, ""spurious"": 158, ""tracks"": 68, ""unreleased"": 68, ""wrong_track"": 10}","{""ambiguous_registrations"": 0, ""clusters"": 212, ""dropped_ambiguous"": 0, ""landmarks_bad"": 0, ""landmarks_confirmed"": 3, ""matched"": 212, ""registrations"": 56, ""spurious"": 0, ""tracks"": 22, ""unreleased"": 2, ""wrong_track"": 0}","{""ambiguous_registrations"": 0, ""clusters"": 3071, ""dropped_ambiguous"": 477, ""landmarks_bad"": 3, ""landmarks_confirmed"": 45, ""matched"": 1927, ""registrations"": 2075, ""spurious"": 1144, ""tracks"": 86, ""unreleased"": 202, ""wrong_track"": 23}","{""ambiguous_registrations"": 0, ""clusters"": 1626, ""dropped_ambiguous"": 158, ""landmarks_bad"": 1, ""landmarks_confirmed"": 43, ""matched"": 1087, ""registrations"": 1027, ""spurious"": 539, ""tracks"": 76, ""unreleased"": 194, ""wrong_track"": 6}",aa62590
T2p,9,600.0,0.19417180158562114,0.1750091627338344,0.17808296512299926,340.0,4,4,10,0,0.2682051271443086,True,9365,224.58302514599995,0.13728709616668228,0.13746592538640667,0.23107269432305144,0.17024320127129666,0.1891216657754222,0.22111220670003293,0.0752908474330544,0.07499729816858905,0.10116176921614548,0.18906566528142107,0.18200261898646475,0.19568304106286305,"{""ambiguous_registrations"": 0, ""clusters"": 4459, ""dropped_ambiguous"": 0, ""matched"": 4310, ""registrations"": 0, ""spurious"": 149, ""tracks"": 0, ""wrong_track"": 0}","{""ambiguous_registrations"": 0, ""clusters"": 214, ""dropped_ambiguous"": 0, ""matched"": 214, ""registrations"": 0, ""spurious"": 0, ""tracks"": 0, ""wrong_track"": 0}","{""ambiguous_registrations"": 0, ""clusters"": 3085, ""dropped_ambiguous"": 0, ""matched"": 2001, ""registrations"": 0, ""spurious"": 1084, ""tracks"": 0, ""wrong_track"": 0}","{""ambiguous_registrations"": 0, ""clusters"": 1607, ""dropped_ambiguous"": 0, ""matched"": 1069, ""registrations"": 0, ""spurious"": 538, ""tracks"": 0, ""wrong_track"": 0}",aa62590
T2pekf,9,600.0,0.18790015380764352,0.17053102671051928,0.16520923465260665,360.0,4,4,8,0,0.42405006553203833,True,8233,250.71239784299996,0.13661479430272142,0.13668723346038308,0.1967578617486562,0.16721937051673894,0.18578677630413606,0.2168867896246625,0.104509548771586,0.10665572649236872,0.1373953866129846,0.17461178774102076,0.15610155667761366,0.19129778688635413,"{""ambiguous_registrations"": 0, ""clusters"": 4459, ""dropped_ambiguous"": 17, ""landmarks_bad"": 0, ""landmarks_confirmed"": 44, ""matched"": 4310, ""registrations"": 4174, ""spurious"": 149, ""tracks"": 66, ""unreleased"": 41, ""wrong_track"": 40}","{""ambiguous_registrations"": 0, ""clusters"": 211, ""dropped_ambiguous"": 12, ""landmarks_bad"": 0, ""landmarks_confirmed"": 3, ""matched"": 211, ""registrations"": 57, ""spurious"": 0, ""tracks"": 23, ""unreleased"": 0, ""wrong_track"": 2}","{""ambiguous_registrations"": 0, ""clusters"": 3085, ""dropped_ambiguous"": 465, ""landmarks_bad"": 3, ""landmarks_confirmed"": 46, ""matched"": 2001, ""registrations"": 2150, ""spurious"": 1084, ""tracks"": 91, ""unreleased"": 162, ""wrong_track"": 7}","{""ambiguous_registrations"": 0, ""clusters"": 1607, ""dropped_ambiguous"": 247, ""landmarks_bad"": 0, ""landmarks_confirmed"": 46, ""matched"": 1069, ""registrations"": 934, ""spurious"": 538, ""tracks"": 76, ""unreleased"": 185, ""wrong_track"": 6}",aa62590
T2p,10,600.0,0.15691677348066846,0.15652040861499897,0.17252463439824858,460.0,4,4,8,0,0.5057355808817114,True,9694,176.09430873899998,0.1306540008065249,0.1306152594116971,0.15217005303121098,0.11844175787408907,0.1510471382294271,0.17611008352254715,0.07005562720492245,0.07177626561728359,0.09206062529688191,0.18318958914162978,0.1764624265533069,0.18933000266846425,"{""ambiguous_registrations"": 0, ""clusters"": 4761, ""dropped_ambiguous"": 0, ""matched"": 4650, ""registrations"": 0, ""spurious"": 111, ""tracks"": 0, ""wrong_track"": 0}","{""ambiguous_registrations"": 0, ""clusters"": 205, ""dropped_ambiguous"": 0, ""matched"": 205, ""registrations"": 0, ""spurious"": 0, ""tracks"": 0, ""wrong_track"": 0}","{""ambiguous_registrations"": 0, ""clusters"": 3100, ""dropped_ambiguous"": 0, ""matched"": 1987, ""registrations"": 0, ""spurious"": 1113, ""tracks"": 0, ""wrong_track"": 0}","{""ambiguous_registrations"": 0, ""clusters"": 1628, ""dropped_ambiguous"": 0, ""matched"": 1070, ""registrations"": 0, ""spurious"": 558, ""tracks"": 0, ""wrong_track"": 0}",aa62590
T2pekf,10,600.0,0.16511899073091182,0.15565414522983861,0.17245532296080265,460.0,4,4,8,0,0.48375882019760874,True,8684,241.86422910299996,0.13043177368443412,0.13039839208696322,0.15202371826554445,0.11844175787408907,0.15386795064811004,0.18064232894379334,0.09452702958045217,0.09735589673357611,0.12020587357378369,0.1805777760331592,0.17663141101156304,0.19714159996516223,"{""ambiguous_registrations"": 0, ""clusters"": 4761, ""dropped_ambiguous"": 13, ""landmarks_bad"": 0, ""landmarks_confirmed"": 39, ""matched"": 4650, ""registrations"": 4476, ""spurious"": 111, ""tracks"": 69, ""unreleased"": 31, ""wrong_track"": 10}","{""ambiguous_registrations"": 0, ""clusters"": 205, ""dropped_ambiguous"": 0, ""landmarks_bad"": 0, ""landmarks_confirmed"": 1, ""matched"": 205, ""registrations"": 44, ""spurious"": 0, ""tracks"": 22, ""unreleased"": 0, ""wrong_track"": 0}","{""ambiguous_registrations"": 0, ""clusters"": 3100, ""dropped_ambiguous"": 433, ""landmarks_bad"": 1, ""landmarks_confirmed"": 49, ""matched"": 1987, ""registrations"": 2157, ""spurious"": 1113, ""tracks"": 94, ""unreleased"": 163, ""wrong_track"": 15}","{""ambiguous_registrations"": 0, ""clusters"": 1628, ""dropped_ambiguous"": 169, ""landmarks_bad"": 2, ""landmarks_confirmed"": 46, ""matched"": 1070, ""registrations"": 1028, ""spurious"": 558, ""tracks"": 71, ""unreleased"": 201, ""wrong_track"": 3}",aa62590
T2p,11,600.0,0.24457263684556643,0.15508959640190134,0.16314559500285072,360.0,4,4,10,1,0.6012144541487606,True,8815,165.46596413700001,0.1377575374789439,0.13758459462109293,0.2443432355662584,0.17466910837104369,0.1830150890844427,0.23934900678939186,0.07130241092247748,0.07049352928750541,0.18878264016907997,0.18664255093930843,0.16589805878463132,0.2943342483081243,"{""ambiguous_registrations"": 0, ""clusters"": 4086, ""dropped_ambiguous"": 0, ""matched"": 3974, ""registrations"": 0, ""spurious"": 112, ""tracks"": 0, ""wrong_track"": 0}","{""ambiguous_registrations"": 0, ""clusters"": 219, ""dropped_ambiguous"": 0, ""matched"": 219, ""registrations"": 0, ""spurious"": 0, ""tracks"": 0, ""wrong_track"": 0}","{""ambiguous_registrations"": 0, ""clusters"": 2968, ""dropped_ambiguous"": 0, ""matched"": 1935, ""registrations"": 0, ""spurious"": 1033, ""tracks"": 0, ""wrong_track"": 0}","{""ambiguous_registrations"": 0, ""clusters"": 1542, ""dropped_ambiguous"": 0, ""matched"": 1060, ""registrations"": 0, ""spurious"": 482, ""tracks"": 0, ""wrong_track"": 0}",aa62590
T2pekf,11,600.0,0.22705532312535545,0.15194680988560702,0.15811773844552893,360.0,4,4,10,1,0.6951072839744332,True,7807,183.89369546399996,0.1373256576565212,0.13723135286175547,0.2100624330358529,0.17481564938848113,0.17957918603161874,0.24087184713157167,0.07189787680550343,0.0737057883079808,0.20952810149383946,0.1775585933740826,0.15782778015518512,0.2452936632061828,"{""ambiguous_registrations"": 0, ""clusters"": 4086, ""dropped_ambiguous"": 23, ""landmarks_bad"": 0, ""landmarks_confirmed"": 40, ""matched"": 3974, ""registrations"": 3845, ""spurious"": 112, ""tracks"": 59, ""unreleased"": 47, ""wrong_track"": 5}","{""ambiguous_registrations"": 0, ""clusters"": 219, ""dropped_ambiguous"": 0, ""landmarks_bad"": 0, ""landmarks_confirmed"": 6, ""matched"": 219, ""registrations"": 87, ""spurious"": 0, ""tracks"": 22, ""unreleased"": 2, ""wrong_track"": 0}","{""ambiguous_registrations"": 0, ""clusters"": 2968, ""dropped_ambiguous"": 348, ""landmarks_bad"": 5, ""landmarks_confirmed"": 46, ""matched"": 1935, ""registrations"": 2125, ""spurious"": 1033, ""tracks"": 82, ""unreleased"": 208, ""wrong_track"": 7}","{""ambiguous_registrations"": 0, ""clusters"": 1542, ""dropped_ambiguous"": 186, ""landmarks_bad"": 1, ""landmarks_confirmed"": 39, ""matched"": 1060, ""registrations"": 952, ""spurious"": 482, ""tracks"": 66, ""unreleased"": 194, ""wrong_track"": 10}",aa62590
T2p,12,600.0,0.24619841574414117,0.18243925698165708,0.18204457138728256,440.0,4,4,10,0,0.29296373182136265,True,9078,182.81931711999994,0.16916164123783423,0.16957513239846483,0.3165600013211501,0.13271718490887788,0.1612670809085812,0.24779754517523414,0.0974006331681851,0.09795589801329767,0.1265249482974499,0.12223501909048293,0.1164333719602403,0.25462171801853195,"{""ambiguous_registrations"": 0, ""clusters"": 4109, ""dropped_ambiguous"": 0, ""matched"": 3956, ""registrations"": 0, ""spurious"": 153, ""tracks"": 0, ""wrong_track"": 0}","{""ambiguous_registrations"": 0, ""clusters"": 212, ""dropped_ambiguous"": 0, ""matched"": 212, ""registrations"": 0, ""spurious"": 0, ""tracks"": 0, ""wrong_track"": 0}","{""ambiguous_registrations"": 0, ""clusters"": 3205, ""dropped_ambiguous"": 0, ""matched"": 2123, ""registrations"": 0, ""spurious"": 1082, ""tracks"": 0, ""wrong_track"": 0}","{""ambiguous_registrations"": 0, ""clusters"": 1552, ""dropped_ambiguous"": 0, ""matched"": 1027, ""registrations"": 0, ""spurious"": 525, ""tracks"": 0, ""wrong_track"": 0}",aa62590
T2pekf,12,600.0,2.9520385893970826,0.18021030239872105,0.18399964106732797,460.0,4,4,8,2,0.8488585155563025,True,7754,187.67989326200006,0.16865290935922297,0.16902127215743798,1.3438073945076514,0.12899925213177763,0.16049588218699556,0.9776004044804044,0.10556047497425798,0.10567238205013926,1.0700176822256016,3.5647868561239284,3.566899051615118,5.563422384513775,"{""ambiguous_registrations"": 0, ""clusters"": 4109, ""dropped_ambiguous"": 22, ""landmarks_bad"": 2, ""landmarks_confirmed"": 40, ""matched"": 3956, ""registrations"": 3792, ""spurious"": 153, ""tracks"": 65, ""unreleased"": 79, ""wrong_track"": 26}","{""ambiguous_registrations"": 0, ""clusters"": 212, ""dropped_ambiguous"": 0, ""landmarks_bad"": 0, ""landmarks_confirmed"": 3, ""matched"": 212, ""registrations"": 45, ""spurious"": 0, ""tracks"": 22, ""unreleased"": 0, ""wrong_track"": 3}","{""ambiguous_registrations"": 0, ""clusters"": 3205, ""dropped_ambiguous"": 641, ""landmarks_bad"": 2, ""landmarks_confirmed"": 43, ""matched"": 2123, ""registrations"": 2075, ""spurious"": 1082, ""tracks"": 87, ""unreleased"": 164, ""wrong_track"": 2}","{""ambiguous_registrations"": 0, ""clusters"": 1552, ""dropped_ambiguous"": 191, ""landmarks_bad"": 0, ""landmarks_confirmed"": 49, ""matched"": 1027, ""registrations"": 874, ""spurious"": 525, ""tracks"": 79, ""unreleased"": 227, ""wrong_track"": 130}",aa62590
T2p,13,600.0,0.18286847976985188,0.1473409763525027,0.1564187366696419,340.0,4,4,9,0,0.48639454636550133,True,9645,235.99716652400002,0.154771028244953,0.15475958853307506,0.16994508979299197,0.14941006847170316,0.15629847728579185,0.24571493689117893,0.06254907068165483,0.0610616691973884,0.08894367682161601,0.1942269926585751,0.1868645352764,0.19129919542594706,"{""ambiguous_registrations"": 0, ""clusters"": 4902, ""dropped_ambiguous"": 0, ""matched"": 4762, ""registrations"": 0, ""spurious"": 140, ""tracks"": 0, ""wrong_track"": 0}","{""ambiguous_registrations"": 0, ""clusters"": 200, ""dropped_ambiguous"": 0, ""matched"": 200, ""registrations"": 0, ""spurious"": 0, ""tracks"": 0, ""wrong_track"": 0}","{""ambiguous_registrations"": 0, ""clusters"": 3021, ""dropped_ambiguous"": 0, ""matched"": 1980, ""registrations"": 0, ""spurious"": 1041, ""tracks"": 0, ""wrong_track"": 0}","{""ambiguous_registrations"": 0, ""clusters"": 1522, ""dropped_ambiguous"": 0, ""matched"": 1096, ""registrations"": 0, ""spurious"": 426, ""tracks"": 0, ""wrong_track"": 0}",aa62590
T2pekf,13,600.0,0.198902853872547,0.14848674221511599,0.15520603775935016,460.0,4,4,10,0,0.44541102775049835,True,8669,268.438916695,0.1567705815330878,0.15683671169673935,0.18802709444199955,0.1494094480130259,0.15125960522739415,0.2719009514441498,0.0681600530088928,0.06565598930658931,0.06772201202309773,0.19378344844199555,0.17448870079695578,0.21066275076905275,"{""ambiguous_registrations"": 0, ""clusters"": 4902, ""dropped_ambiguous"": 15, ""landmarks_bad"": 0, ""landmarks_confirmed"": 42, ""matched"": 4762, ""registrations"": 4594, ""spurious"": 140, ""tracks"": 72, ""unreleased"": 41, ""wrong_track"": 18}","{""ambiguous_registrations"": 0, ""clusters"": 200, ""dropped_ambiguous"": 0, ""landmarks_bad"": 0, ""landmarks_confirmed"": 2, ""matched"": 200, ""registrations"": 56, ""spurious"": 0, ""tracks"": 21, ""unreleased"": 2, ""wrong_track"": 0}","{""ambiguous_registrations"": 0, ""clusters"": 3021, ""dropped_ambiguous"": 410, ""landmarks_bad"": 4, ""landmarks_confirmed"": 45, ""matched"": 1980, ""registrations"": 2097, ""spurious"": 1041, ""tracks"": 85, ""unreleased"": 191, ""wrong_track"": 7}","{""ambiguous_registrations"": 0, ""clusters"": 1522, ""dropped_ambiguous"": 177, ""landmarks_bad"": 1, ""landmarks_confirmed"": 40, ""matched"": 1096, ""registrations"": 982, ""spurious"": 426, ""tracks"": 65, ""unreleased"": 140, ""wrong_track"": 1}",aa62590
T2p,14,600.0,0.19948963944220116,0.15488990181741916,0.1607143210739609,280.0,4,4,10,0,0.5310804785154255,True,10018,143.130271063,0.16097086425103546,0.1608288483475626,0.2141215998542433,0.12781418879931208,0.15561556260081674,0.17432170790437296,0.08463298439323108,0.0825216569676509,0.16513272678000304,0.1557856171079017,0.14563795436238958,0.23596510367950677,"{""ambiguous_registrations"": 0, ""clusters"": 5143, ""dropped_ambiguous"": 0, ""matched"": 4941, ""registrations"": 0, ""spurious"": 202, ""tracks"": 0, ""wrong_track"": 0}","{""ambiguous_registrations"": 0, ""clusters"": 186, ""dropped_ambiguous"": 0, ""matched"": 186, ""registrations"": 0, ""spurious"": 0, ""tracks"": 0, ""wrong_track"": 0}","{""ambiguous_registrations"": 0, ""clusters"": 3070, ""dropped_ambiguous"": 0, ""matched"": 2037, ""registrations"": 0, ""spurious"": 1033, ""tracks"": 0, ""wrong_track"": 0}","{""ambiguous_registrations"": 0, ""clusters"": 1619, ""dropped_ambiguous"": 0, ""matched"": 1068, ""registrations"": 0, ""spurious"": 551, ""tracks"": 0, ""wrong_track"": 0}",aa62590
T2pekf,14,600.0,0.18180232411940667,0.16449149335066685,0.16911238074762644,420.0,4,4,9,0,0.48264594224262575,True,8455,168.042574426,0.15783610597727696,0.1578314150021095,0.20119377787698872,0.19287588347226625,0.198248758535077,0.21039018929524703,0.09419281807511291,0.09163301177225001,0.1058742732559103,0.16046900602055672,0.1406686134923764,0.19041011127379517,"{""ambiguous_registrations"": 0, ""clusters"": 5143, ""dropped_ambiguous"": 59, ""landmarks_bad"": 1, ""landmarks_confirmed"": 43, ""matched"": 4941, ""registrations"": 4714, ""spurious"": 202, ""tracks"": 87, ""unreleased"": 43, ""wrong_track"": 55}","{""ambiguous_registrations"": 0, ""clusters"": 192, ""dropped_ambiguous"": 63, ""landmarks_bad"": 0, ""landmarks_confirmed"": 0, ""matched"": 192, ""registrations"": 16, ""spurious"": 0, ""tracks"": 21, ""unreleased"": 8, ""wrong_track"": 0}","{""ambiguous_registrations"": 0, ""clusters"": 3070, ""dropped_ambiguous"": 711, ""landmarks_bad"": 3, ""landmarks_confirmed"": 44, ""matched"": 2037, ""registrations"": 1875, ""spurious"": 1033, ""tracks"": 79, ""unreleased"": 185, ""wrong_track"": 8}","{""ambiguous_registrations"": 0, ""clusters"": 1619, ""dropped_ambiguous"": 274, ""landmarks_bad"": 2, ""landmarks_confirmed"": 41, ""matched"": 1068, ""registrations"": 895, ""spurious"": 551, ""tracks"": 68, ""unreleased"": 226, ""wrong_track"": 7}",aa62590
T2p,15,600.0,0.17382799641788454,0.159301565096209,0.16147256061243148,420.0,4,4,10,0,0.4583092807804225,True,9660,133.57568402000004,0.1479858794104339,0.1479664749520111,0.1598878674301305,0.15610798911128607,0.16844339882095777,0.18783056122356648,0.07273107383283371,0.07229280442763213,0.08655108730631224,0.20568254192950886,0.19756095860103629,0.2291923837299235,"{""ambiguous_registrations"": 0, ""clusters"": 4643, ""dropped_ambiguous"": 0, ""matched"": 4505, ""registrations"": 0, ""spurious"": 138, ""tracks"": 0, ""wrong_track"": 0}","{""ambiguous_registrations"": 0, ""clusters"": 216, ""dropped_ambiguous"": 0, ""matched"": 216, ""registrations"": 0, ""spurious"": 0, ""tracks"": 0, ""wrong_track"": 0}","{""ambiguous_registrations"": 0, ""clusters"": 3166, ""dropped_ambiguous"": 0, ""matched"": 2032, ""registrations"": 0, ""spurious"": 1134, ""tracks"": 0, ""wrong_track"": 0}","{""ambiguous_registrations"": 0, ""clusters"": 1635, ""dropped_ambiguous"": 0, ""matched"": 1068, ""registrations"": 0, ""spurious"": 567, ""tracks"": 0, ""wrong_track"": 0}",aa62590
T2pekf,15,600.0,0.16631667057435465,0.1576357120711429,0.15978288667231452,340.0,4,4,10,0,0.3641745349767248,True,8442,159.54682542499995,0.15105071697296074,0.150944955662106,0.16569664261052952,0.15610798911128607,0.16852301394952396,0.18980873387905628,0.061521410522563866,0.06152431268747499,0.08513549075414659,0.18974380869608926,0.18863804690465955,0.19978527230161955,"{""ambiguous_registrations"": 0, ""clusters"": 4643, ""dropped_ambiguous"": 22, ""landmarks_bad"": 1, ""landmarks_confirmed"": 42, ""matched"": 4505, ""registrations"": 4350, ""spurious"": 138, ""tracks"": 66, ""unreleased"": 40, ""wrong_track"": 30}","{""ambiguous_registrations"": 0, ""clusters"": 216, ""dropped_ambiguous"": 0, ""landmarks_bad"": 0, ""landmarks_confirmed"": 3, ""matched"": 216, ""registrations"": 73, ""spurious"": 0, ""tracks"": 20, ""unreleased"": 0, ""wrong_track"": 0}","{""ambiguous_registrations"": 0, ""clusters"": 3166, ""dropped_ambiguous"": 523, ""landmarks_bad"": 4, ""landmarks_confirmed"": 50, ""matched"": 2032, ""registrations"": 2132, ""spurious"": 1134, ""tracks"": 83, ""unreleased"": 212, ""wrong_track"": 10}","{""ambiguous_registrations"": 0, ""clusters"": 1635, ""dropped_ambiguous"": 188, ""landmarks_bad"": 2, ""landmarks_confirmed"": 44, ""matched"": 1068, ""registrations"": 987, ""spurious"": 567, ""tracks"": 73, ""unreleased"": 233, ""wrong_track"": 5}",aa62590
T2p,16,600.0,0.1767791258051798,0.14396796935944023,0.1439227398267033,340.0,4,4,10,0,0.33996489421140796,True,9705,108.46569668400002,0.1547866115799804,0.15495395353156377,0.22535159733828677,0.15075904042441937,0.15678530814091227,0.18847279335667222,0.06359702757778819,0.06249366572600928,0.0736698764299774,0.13588606910034842,0.1286996990247157,0.18240298881866485,"{""ambiguous_registrations"": 0, ""clusters"": 4589, ""dropped_ambiguous"": 0, ""matched"": 4444, ""registrations"": 0, ""spurious"": 145, ""tracks"": 0, ""wrong_track"": 0}","{""ambiguous_registrations"": 0, ""clusters"": 188, ""dropped_ambiguous"": 0, ""matched"": 188, ""registrations"": 0, ""spurious"": 0, ""tracks"": 0, ""wrong_track"": 0}","{""ambiguous_registrations"": 0, ""clusters"": 3226, ""dropped_ambiguous"": 0, ""matched"": 2015, ""registrations"": 0, ""spurious"": 1211, ""tracks"": 0, ""wrong_track"": 0}","{""ambiguous_registrations"": 0, ""clusters"": 1702, ""dropped_ambiguous"": 0, ""matched"": 1046, ""registrations"": 0, ""spurious"": 656, ""tracks"": 0, ""wrong_track"": 0}",aa62590
T2pekf,16,600.0,1.3451903419629847,0.16068532450186307,0.16251739533474863,500.0,4,4,8,3,5.449427125053303,False,8393,141.40168410299998,0.1535297221914298,0.1538165078836159,0.49156167033051695,0.19264324752396383,0.19485460685521763,0.5657727239975898,0.08615431292656553,0.08589675518457598,0.4357687188815239,2.0938297713025067,2.113933439195176,2.5468651705829544,"{""ambiguous_registrations"": 0, ""clusters"": 4589, ""dropped_ambiguous"": 18, ""landmarks_bad"": 1, ""landmarks_confirmed"": 45, ""matched"": 4444, ""registrations"": 4292, ""spurious"": 145, ""tracks"": 77, ""unreleased"": 31, ""wrong_track"": 20}","{""ambiguous_registrations"": 0, ""clusters"": 181, ""dropped_ambiguous"": 36, ""landmarks_bad"": 0, ""landmarks_confirmed"": 0, ""matched"": 181, ""registrations"": 18, ""spurious"": 0, ""tracks"": 20, ""unreleased"": 9, ""wrong_track"": 0}","{""ambiguous_registrations"": 0, ""clusters"": 3226, ""dropped_ambiguous"": 609, ""landmarks_bad"": 2, ""landmarks_confirmed"": 47, ""matched"": 2015, ""registrations"": 2082, ""spurious"": 1211, ""tracks"": 93, ""unreleased"": 203, ""wrong_track"": 8}","{""ambiguous_registrations"": 0, ""clusters"": 1702, ""dropped_ambiguous"": 136, ""landmarks_bad"": 3, ""landmarks_confirmed"": 50, ""matched"": 1046, ""registrations"": 1009, ""spurious"": 656, ""tracks"": 98, ""unreleased"": 263, ""wrong_track"": 139}",aa62590
T2p,17,600.0,0.22856988190134814,0.15495416751644686,0.16756638523737316,,3,4,5,0,nan,False,9654,107.70769922599993,0.20162896304503816,0.20160804214272332,0.2505774650377261,0.1592291647475007,0.15670560038634687,0.26370098060145014,0.06480237897196726,0.06401202156789904,0.15622195614666168,0.1535796717703202,0.145730949112334,nan,"{""ambiguous_registrations"": 0, ""clusters"": 4711, ""dropped_ambiguous"": 0, ""matched"": 4590, ""registrations"": 0, ""spurious"": 121, ""tracks"": 0, ""wrong_track"": 0}","{""ambiguous_registrations"": 0, ""clusters"": 181, ""dropped_ambiguous"": 0, ""matched"": 181, ""registrations"": 0, ""spurious"": 0, ""tracks"": 0, ""wrong_track"": 0}","{""ambiguous_registrations"": 0, ""clusters"": 3175, ""dropped_ambiguous"": 0, ""matched"": 2049, ""registrations"": 0, ""spurious"": 1126, ""tracks"": 0, ""wrong_track"": 0}","{""ambiguous_registrations"": 0, ""clusters"": 1587, ""dropped_ambiguous"": 0, ""matched"": 1001, ""registrations"": 0, ""spurious"": 586, ""tracks"": 0, ""wrong_track"": 0}",aa62590
T2pekf,17,600.0,0.23359859869184973,0.1596584388760263,0.16763281175834052,400.0,4,4,7,1,0.5604289126024623,True,8429,109.66034960800005,0.2006782598835741,0.20062660757595935,0.2675687064609334,0.1592291647475007,0.16861449797996286,0.3137152387022192,0.07838455108739097,0.07840292567385794,0.12353297270791097,0.14775598440964152,0.14265900982898921,0.1816660734038209,"{""ambiguous_registrations"": 0, ""clusters"": 4711, ""dropped_ambiguous"": 8, ""landmarks_bad"": 0, ""landmarks_confirmed"": 39, ""matched"": 4590, ""registrations"": 4449, ""spurious"": 121, ""tracks"": 61, ""unreleased"": 49, ""wrong_track"": 11}","{""ambiguous_registrations"": 0, ""clusters"": 181, ""dropped_ambiguous"": 0, ""landmarks_bad"": 0, ""landmarks_confirmed"": 1, ""matched"": 181, ""registrations"": 30, ""spurious"": 0, ""tracks"": 22, ""unreleased"": 0, ""wrong_track"": 0}","{""ambiguous_registrations"": 0, ""clusters"": 3175, ""dropped_ambiguous"": 561, ""landmarks_bad"": 2, ""landmarks_confirmed"": 49, ""matched"": 2049, ""registrations"": 2102, ""spurious"": 1126, ""tracks"": 91, ""unreleased"": 193, ""wrong_track"": 20}","{""ambiguous_registrations"": 0, ""clusters"": 1587, ""dropped_ambiguous"": 203, ""landmarks_bad"": 0, ""landmarks_confirmed"": 39, ""matched"": 1001, ""registrations"": 910, ""spurious"": 586, ""tracks"": 77, ""unreleased"": 211, ""wrong_track"": 4}",aa62590
T2p,18,600.0,0.21963413561635084,0.1593343478718245,0.17591823467375647,400.0,4,4,10,0,0.3443363912304944,True,9229,105.75773988399999,0.14083676978358833,0.1407525166340925,0.2259720497120909,0.15410295182530317,0.16249537984083678,0.2100813709078158,0.06793134157613238,0.06874057800683794,0.13243830278003796,0.19475109154564466,0.1727960086523751,0.28322987203845296,"{""ambiguous_registrations"": 0, ""clusters"": 4224, ""dropped_ambiguous"": 0, ""matched"": 4022, ""registrations"": 0, ""spurious"": 202, ""tracks"": 0, ""wrong_track"": 0}","{""ambiguous_registrations"": 0, ""clusters"": 199, ""dropped_ambiguous"": 0, ""matched"": 199, ""registrations"": 0, ""spurious"": 0, ""tracks"": 0, ""wrong_track"": 0}","{""ambiguous_registrations"": 0, ""clusters"": 3140, ""dropped_ambiguous"": 0, ""matched"": 2109, ""registrations"": 0, ""spurious"": 1031, ""tracks"": 0, ""wrong_track"": 0}","{""ambiguous_registrations"": 0, ""clusters"": 1666, ""dropped_ambiguous"": 0, ""matched"": 1112, ""registrations"": 0, ""spurious"": 554, ""tracks"": 0, ""wrong_track"": 0}",aa62590
T2pekf,18,600.0,0.18519762139468524,0.15720757254041615,0.174822433558222,400.0,4,4,10,0,0.4806900125276942,True,7828,107.90676328399991,0.14022050816947604,0.1401244941529019,0.19528604554086681,0.15437713232025263,0.16408487748533865,0.21488013564626327,0.07457252800265471,0.07595680026633692,0.10175220784234713,0.17616074217976407,0.15778379132780154,0.20622563323180396,"{""ambiguous_registrations"": 0, ""clusters"": 4224, ""dropped_ambiguous"": 59, ""landmarks_bad"": 4, ""landmarks_confirmed"": 45, ""matched"": 4022, ""registrations"": 3833, ""spurious"": 202, ""tracks"": 83, ""unreleased"": 46, ""wrong_track"": 27}","{""ambiguous_registrations"": 0, ""clusters"": 199, ""dropped_ambiguous"": 0, ""landmarks_bad"": 0, ""landmarks_confirmed"": 3, ""matched"": 199, ""registrations"": 51, ""spurious"": 0, ""tracks"": 22, ""unreleased"": 2, ""wrong_track"": 0}","{""ambiguous_registrations"": 0, ""clusters"": 3140, ""dropped_ambiguous"": 730, ""landmarks_bad"": 5, ""landmarks_confirmed"": 44, ""matched"": 2109, ""registrations"": 1975, ""spurious"": 1031, ""tracks"": 77, ""unreleased"": 181, ""wrong_track"": 13}","{""ambiguous_registrations"": 0, ""clusters"": 1666, ""dropped_ambiguous"": 179, ""landmarks_bad"": 2, ""landmarks_confirmed"": 42, ""matched"": 1112, ""registrations"": 1051, ""spurious"": 554, ""tracks"": 70, ""unreleased"": 204, ""wrong_track"": 3}",aa62590
T2p,19,600.0,0.20756696290960439,0.17700878530934744,0.16853626189279225,500.0,4,4,8,0,0.49440331883237143,True,9493,115.83880800499992,0.1570119480213647,0.15711589317196215,0.20318843088571167,0.1571473717432612,0.15020869972777276,0.25167493554252474,0.08710611447516893,0.086160512320215,0.10069642129658771,0.15615861609477777,0.15201444344945386,0.23993873275900418,"{""ambiguous_registrations"": 0, ""clusters"": 4511, ""dropped_ambiguous"": 0, ""matched"": 4384, ""registrations"": 0, ""spurious"": 127, ""tracks"": 0, ""wrong_track"": 0}","{""ambiguous_registrations"": 0, ""clusters"": 215, ""dropped_ambiguous"": 0, ""matched"": 215, ""registrations"": 0, ""spurious"": 0, ""tracks"": 0, ""wrong_track"": 0}","{""ambiguous_registrations"": 0, ""clusters"": 3174, ""dropped_ambiguous"": 0, ""matched"": 1952, ""registrations"": 0, ""spurious"": 1222, ""tracks"": 0, ""wrong_track"": 0}","{""ambiguous_registrations"": 0, ""clusters"": 1593, ""dropped_ambiguous"": 0, ""matched"": 974, ""registrations"": 0, ""spurious"": 619, ""tracks"": 0, ""wrong_track"": 0}",aa62590
T2pekf,19,600.0,0.16639124294765795,0.17033643048366293,0.16370866910932372,,2,4,5,2,nan,False,8256,127.20732372099997,0.15965335037302214,0.15969708251264436,0.17908015724475426,1.564537518947653,1.5683733824195365,nan,0.10128365814823992,0.10218281593063049,nan,0.13526826670907965,0.13236100380071952,0.1526511996039571,"{""ambiguous_registrations"": 0, ""clusters"": 4511, ""dropped_ambiguous"": 9, ""landmarks_bad"": 0, ""landmarks_confirmed"": 42, ""matched"": 4384, ""registrations"": 4240, ""spurious"": 127, ""tracks"": 66, ""unreleased"": 40, ""wrong_track"": 17}","{""ambiguous_registrations"": 0, ""clusters"": 217, ""dropped_ambiguous"": 17, ""landmarks_bad"": 0, ""landmarks_confirmed"": 5, ""matched"": 217, ""registrations"": 70, ""spurious"": 0, ""tracks"": 21, ""unreleased"": 8, ""wrong_track"": 19}","{""ambiguous_registrations"": 0, ""clusters"": 3174, ""dropped_ambiguous"": 518, ""landmarks_bad"": 2, ""landmarks_confirmed"": 45, ""matched"": 1952, ""registrations"": 2106, ""spurious"": 1222, ""tracks"": 98, ""unreleased"": 189, ""wrong_track"": 12}","{""ambiguous_registrations"": 0, ""clusters"": 1593, ""dropped_ambiguous"": 242, ""landmarks_bad"": 0, ""landmarks_confirmed"": 44, ""matched"": 974, ""registrations"": 858, ""spurious"": 619, ""tracks"": 84, ""unreleased"": 216, ""wrong_track"": 6}",aa62590
