tier,seed,duration_s,team_ate_avatar_m,team_ate_oracle_m,team_ate_oracle_robust_m,team_connected_s,n_connected,n_slam,alignments,wrong_alignments,frame_err_max_m,g1_pass,detections,wall_s,ate_solo_ugv_0_m,ate_fused_ugv_0_m,ate_team_ugv_0_m,ate_solo_uav_0_m,ate_fused_uav_0_m,ate_team_uav_0_m,ate_solo_uuv_0_m,ate_fused_uuv_0_m,ate_team_uuv_0_m,ate_solo_uuv_1_m,ate_fused_uuv_1_m,ate_team_uuv_1_m,commit,fe_ugv_0,fe_uav_0,fe_uuv_0,fe_uuv_1
T1,0,600.0,0.10385510982977492,0.08124788283223858,0.0813505577496364,280.0,4,4,10,0,0.32777196265665626,True,18519,130.40726743899722,0.021494252799822283,0.021489394952441565,0.05410639409498606,0.14923528727415783,0.13371181444619834,0.15133225422071847,0.04034045821541512,0.04020916461364905,0.040907736966875545,0.11958921400280341,0.09615818330522458,0.12506454076908155,b4681ec,,,,
T2,0,600.0,0.2364339321558988,0.18266670809280092,0.17434947821762578,380.0,4,4,10,0,0.5706799624423514,True,9412,47.05038190500636,0.16789392998352423,0.16799620593145828,0.2360245602892872,0.12832557176739573,0.17733329600758838,0.21777652901696723,0.09580384145526151,0.09489219938956488,0.16919524137628755,0.07215308894973944,0.07998157494652895,0.3030557337256483,b4681ec,"{""ambiguous_registrations"": 0, ""clusters"": 4825, ""dropped_ambiguous"": 0, ""matched"": 4641, ""registrations"": 0, ""spurious"": 184, ""tracks"": 0, ""wrong_track"": 0}","{""ambiguous_registrations"": 0, ""clusters"": 197, ""dropped_ambiguous"": 0, ""matched"": 197, ""registrations"": 0, ""spurious"": 0, ""tracks"": 0, ""wrong_track"": 0}","{""ambiguous_registrations"": 0, ""clusters"": 2955, ""dropped_ambiguous"": 0, ""matched"": 2716, ""registrations"": 0, ""spurious"": 239, ""tracks"": 0, ""wrong_track"": 0}","{""ambiguous_registrations"": 0, ""clusters"": 1435, ""dropped_ambiguous"": 0, ""matched"": 1233, ""registrations"": 0, ""spurious"": 202, ""tracks"": 0, ""wrong_track"": 0}"
T2nn,0,600.0,0.8410107655033738,0.20049328462493562,0.1878208156465851,340.0,4,4,9,0,0.6727280931272247,True,7539,53.01348197799962,0.1784916258358348,0.17816319651450555,0.38058647370662174,0.16665487199354567,0.19702707186280038,0.2769082053687994,1.4205702085533716,1.4218593719227344,1.5844263232966274,0.07264547701439081,0.07723430926279345,0.3118740749822023,b4681ec,"{""ambiguous_registrations"": 0, ""clusters"": 4797, ""dropped_ambiguous"": 1585, ""matched"": 4613, ""registrations"": 0, ""spurious"": 184, ""tracks"": 107, ""wrong_track"": 12}","{""ambiguous_registrations"": 0, ""clusters"": 209, ""dropped_ambiguous"": 48, ""matched"": 209, ""registrations"": 0, ""spurious"": 0, ""tracks"": 45, ""wrong_track"": 1}","{""ambiguous_registrations"": 0, ""clusters"": 2953, ""dropped_ambiguous"": 188, ""matched"": 2714, ""registrations"": 0, ""spurious"": 239, ""tracks"": 115, ""wrong_track"": 87}","{""ambiguous_registrations"": 0, ""clusters"": 1434, ""dropped_ambiguous"": 33, ""matched"": 1232, ""registrations"": 0, ""spurious"": 202, ""tracks"": 89, ""wrong_track"": 0}"
T2reg,0,600.0,3.5305967965195655,0.20655038283507654,0.1884332943708887,600.0,4,4,9,4,1.6508961806885474,False,8047,67.56724852899788,0.17551303445610614,0.17556779660205082,1.06461888374499,0.7448905486828212,0.27463423321683994,1.537243660793638,5.113743819147008,5.10933452215507,6.577041525292632,0.32769788240930864,0.28300314784325664,1.762511926960099,b4681ec,"{""ambiguous_registrations"": 2, ""clusters"": 4838, ""dropped_ambiguous"": 1350, ""matched"": 4653, ""registrations"": 596, ""spurious"": 185, ""tracks"": 126, ""wrong_track"": 8}","{""ambiguous_registrations"": 0, ""clusters"": 202, ""dropped_ambiguous"": 1, ""matched"": 202, ""registrations"": 0, ""spurious"": 0, ""tracks"": 70, ""wrong_track"": 0}","{""ambiguous_registrations"": 0, ""clusters"": 2953, ""dropped_ambiguous"": 26, ""matched"": 2721, ""registrations"": 508, ""spurious"": 232, ""tracks"": 135, ""wrong_track"": 225}","{""ambiguous_registrations"": 0, ""clusters"": 1434, ""dropped_ambiguous"": 3, ""matched"": 1232, ""registrations"": 307, ""spurious"": 202, ""tracks"": 104, ""wrong_track"": 0}"
T2nn-uuv,0,600.0,0.839945692105807,0.18311501340150854,0.17444981184628308,380.0,4,4,9,0,0.5819868927406349,True,9188,52.279358225998294,0.16789392998352423,0.16797826058474932,0.3806426359620346,0.12832557176739573,0.16896987798286944,0.2690177206008152,1.4205702085533716,1.4220956667294242,1.5799452399949443,0.07264547701439081,0.08024760402462086,0.32946737479809174,b4681ec,"{""ambiguous_registrations"": 0, ""clusters"": 4825, ""dropped_ambiguous"": 0, ""matched"": 4641, ""registrations"": 0, ""spurious"": 184, ""tracks"": 0, ""wrong_track"": 0}","{""ambiguous_registrations"": 0, ""clusters"": 197, ""dropped_ambiguous"": 0, ""matched"": 197, ""registrations"": 0, ""spurious"": 0, ""tracks"": 0, ""wrong_track"": 0}","{""ambiguous_registrations"": 0, ""clusters"": 2953, ""dropped_ambiguous"": 188, ""matched"": 2714, ""registrations"": 0, ""spurious"": 239, ""tracks"": 115, ""wrong_track"": 87}","{""ambiguous_registrations"": 0, ""clusters"": 1434, ""dropped_ambiguous"": 33, ""matched"": 1232, ""registrations"": 0, ""spurious"": 202, ""tracks"": 89, ""wrong_track"": 0}"
T2nn-land,0,600.0,0.23251475608262523,0.20009772754292196,0.1877445179480731,280.0,4,4,8,0,0.6522206771840581,True,7763,46.542106609005714,0.1784916258358348,0.178205915715847,0.2361356287077606,0.16665487199354567,0.20229891173412617,0.22783626059454481,0.09580384145526151,0.0951222672561849,0.15683633723332735,0.07215308894973944,0.08124899193282087,0.2898023701093042,b4681ec,"{""ambiguous_registrations"": 0, ""clusters"": 4797, ""dropped_ambiguous"": 1585, ""matched"": 4613, ""registrations"": 0, ""spurious"": 184, ""tracks"": 107, ""wrong_track"": 12}","{""ambiguous_registrations"": 0, ""clusters"": 209, ""dropped_ambiguous"": 48, ""matched"": 209, ""registrations"": 0, ""spurious"": 0, ""tracks"": 45, ""wrong_track"": 1}","{""ambiguous_registrations"": 0, ""clusters"": 2955, ""dropped_ambiguous"": 0, ""matched"": 2716, ""registrations"": 0, ""spurious"": 239, ""tracks"": 0, ""wrong_track"": 0}","{""ambiguous_registrations"": 0, ""clusters"": 1435, ""dropped_ambiguous"": 0, ""matched"": 1233, ""registrations"": 0, ""spurious"": 202, ""tracks"": 0, ""wrong_track"": 0}"
T1,1,600.0,0.1165261222677953,0.07483701168045102,0.07590154974692691,280.0,4,4,10,0,0.14899049639591885,True,18008,73.49845252800151,0.021307229665255605,0.021308273733836446,0.05214032960678008,0.12995366936450725,0.12199857542853759,0.14064971483280495,0.0382982195117894,0.03779362212875952,0.06082117405707006,0.11062382010787533,0.09828700938850421,0.16766984587379832,b4681ec,,,,
T2,1,600.0,0.20767872254007833,0.21812393644145564,0.19816881083706106,400.0,4,4,9,0,0.44492460170942727,True,9070,72.49703646299895,0.19392301215291022,0.1938756502629964,0.2892877990508619,0.12573251270180563,0.1586979729691545,0.2190055163461785,0.11338920715224524,0.11205234532996737,0.16241486102764857,0.09770491610836211,0.09182761123030962,0.12038427318855581,b4681ec,"{""ambiguous_registrations"": 0, ""clusters"": 4577, ""dropped_ambiguous"": 0, ""matched"": 4498, ""registrations"": 0, ""spurious"": 79, ""tracks"": 0, ""wrong_track"": 0}","{""ambiguous_registrations"": 0, ""clusters"": 183, ""dropped_ambiguous"": 0, ""matched"": 183, ""registrations"": 0, ""spurious"": 0, ""tracks"": 0, ""wrong_track"": 0}","{""ambiguous_registrations"": 0, ""clusters"": 2821, ""dropped_ambiguous"": 0, ""matched"": 2640, ""registrations"": 0, ""spurious"": 181, ""tracks"": 0, ""wrong_track"": 0}","{""ambiguous_registrations"": 0, ""clusters"": 1489, ""dropped_ambiguous"": 0, ""matched"": 1281, ""registrations"": 0, ""spurious"": 208, ""tracks"": 0, ""wrong_track"": 0}"
T2nn,1,600.0,1.7983619837107672,0.20610556309694153,0.19351249139628698,340.0,4,4,9,2,0.4089481550667278,True,7137,75.52461195599608,0.210484487890845,0.20977029904325287,0.9014734688751436,1.6406228097186883,1.6387293425464466,1.7005011569053328,2.31998720273635,2.2695340691713586,2.878740047958887,0.35037077777741316,0.3429118185366158,0.9720701797607034,b4681ec,"{""ambiguous_registrations"": 0, ""clusters"": 4639, ""dropped_ambiguous"": 1599, ""matched"": 4556, ""registrations"": 0, ""spurious"": 83, ""tracks"": 103, ""wrong_track"": 32}","{""ambiguous_registrations"": 0, ""clusters"": 176, ""dropped_ambiguous"": 21, ""matched"": 176, ""registrations"": 0, ""spurious"": 0, ""tracks"": 40, ""wrong_track"": 5}","{""ambiguous_registrations"": 0, ""clusters"": 2823, ""dropped_ambiguous"": 358, ""matched"": 2643, ""registrations"": 0, ""spurious"": 180, ""tracks"": 81, ""wrong_track"": 85}","{""ambiguous_registrations"": 0, ""clusters"": 1487, ""dropped_ambiguous"": 10, ""matched"": 1279, ""registrations"": 0, ""spurious"": 208, ""tracks"": 97, ""wrong_track"": 10}"
T2reg,1,600.0,40.75070638074397,0.21010746149513906,0.19146963238798362,300.0,4,4,8,7,45.77321191853753,False,8076,72.3818092770016,0.19152258687619192,0.19165249928090355,19.29432261735997,1.8504434836323844,1.8614884869173942,40.50628826436045,14.559047180225125,14.561855736032124,35.84538212094103,2.497572829703528,2.69357936722043,57.83215877436978,b4681ec,"{""ambiguous_registrations"": 9, ""clusters"": 4577, ""dropped_ambiguous"": 946, ""matched"": 4489, ""registrations"": 586, ""spurious"": 88, ""tracks"": 113, ""wrong_track"": 27}","{""ambiguous_registrations"": 0, ""clusters"": 181, ""dropped_ambiguous"": 0, ""matched"": 181, ""registrations"": 0, ""spurious"": 0, ""tracks"": 67, ""wrong_track"": 4}","{""ambiguous_registrations"": 0, ""clusters"": 2820, ""dropped_ambiguous"": 41, ""matched"": 2642, ""registrations"": 497, ""spurious"": 178, ""tracks"": 85, ""wrong_track"": 68}","{""ambiguous_registrations"": 0, ""clusters"": 1490, ""dropped_ambiguous"": 5, ""matched"": 1282, ""registrations"": 330, ""spurious"": 208, ""tracks"": 110, ""wrong_track"": 12}"
T2nn-uuv,1,600.0,1.5397023016140137,0.21854201255969016,0.19892210586756093,400.0,4,4,9,0,0.6398651398574439,True,8702,82.89175951999641,0.19392301215291022,0.19390800543664438,0.5887714489718355,0.12573251270180563,0.1478119816185602,0.7682927528175301,2.31998720273635,2.2600496660385607,2.8233540160532193,0.35037077777741316,0.33396578565805957,0.7579440858412896,b4681ec,"{""ambiguous_registrations"": 0, ""clusters"": 4577, ""dropped_ambiguous"": 0, ""matched"": 4498, ""registrations"": 0, ""spurious"": 79, ""tracks"": 0, ""wrong_track"": 0}","{""ambiguous_registrations"": 0, ""clusters"": 183, ""dropped_ambiguous"": 0, ""matched"": 183, ""registrations"": 0, ""spurious"": 0, ""tracks"": 0, ""wrong_track"": 0}","{""ambiguous_registrations"": 0, ""clusters"": 2823, ""dropped_ambiguous"": 358, ""matched"": 2643, ""registrations"": 0, ""spurious"": 180, ""tracks"": 81, ""wrong_track"": 85}","{""ambiguous_registrations"": 0, ""clusters"": 1487, ""dropped_ambiguous"": 10, ""matched"": 1279, ""registrations"": 0, ""spurious"": 208, ""tracks"": 97, ""wrong_track"": 10}"
T2nn-land,1,600.0,0.9246290972585653,0.20586772143270476,0.19293883400023334,340.0,4,4,9,2,0.27672068853095994,True,7505,39.92574914799479,0.210484487890845,0.2097579590665649,0.38454608082233405,1.6406228097186883,1.6372493639671069,1.7735959313922092,0.11338920715224524,0.11185844886559841,0.19955454816508755,0.09770491610836211,0.09186781507858588,0.2939653655935854,b4681ec,"{""ambiguous_registrations"": 0, ""clusters"": 4639, ""dropped_ambiguous"": 1599, ""matched"": 4556, ""registrations"": 0, ""spurious"": 83, ""tracks"": 103, ""wrong_track"": 32}","{""ambiguous_registrations"": 0, ""clusters"": 176, ""dropped_ambiguous"": 21, ""matched"": 176, ""registrations"": 0, ""spurious"": 0, ""tracks"": 40, ""wrong_track"": 5}","{""ambiguous_registrations"": 0, ""clusters"": 2821, ""dropped_ambiguous"": 0, ""matched"": 2640, ""registrations"": 0, ""spurious"": 181, ""tracks"": 0, ""wrong_track"": 0}","{""ambiguous_registrations"": 0, ""clusters"": 1489, ""dropped_ambiguous"": 0, ""matched"": 1281, ""registrations"": 0, ""spurious"": 208, ""tracks"": 0, ""wrong_track"": 0}"
T1,2,600.0,0.09469026869881993,0.07632308127380986,0.07635217393202692,280.0,4,4,10,0,0.2773208834165754,True,18154,97.67982105799456,0.021920076104646618,0.021918188965238616,0.06778344466759254,0.1389734927003602,0.12721721605107864,0.13726971280804529,0.048954324811624275,0.049642803342300305,0.06313462450922235,0.06895681730480711,0.06470301995513258,0.09187729701994149,b4681ec,,,,
T2,2,600.0,0.34878503066169714,0.16611575667998044,0.1653093232211441,400.0,4,4,9,0,0.46277522536471766,True,9294,50.25561122500221,0.14221441034368817,0.1420134014459532,0.376199066464774,0.13541054124686672,0.17584493623968017,0.20587718028700838,0.1300191161718778,0.12769474176457252,0.14923316046551546,0.12327704802858643,0.12029856218712699,0.5295491509768484,b4681ec,"{""ambiguous_registrations"": 0, ""clusters"": 4891, ""dropped_ambiguous"": 0, ""matched"": 4732, ""registrations"": 0, ""spurious"": 159, ""tracks"": 0, ""wrong_track"": 0}","{""ambiguous_registrations"": 0, ""clusters"": 208, ""dropped_ambiguous"": 0, ""matched"": 208, ""registrations"": 0, ""spurious"": 0, ""tracks"": 0, ""wrong_track"": 0}","{""ambiguous_registrations"": 0, ""clusters"": 2759, ""dropped_ambiguous"": 0, ""matched"": 2645, ""registrations"": 0, ""spurious"": 114, ""tracks"": 0, ""wrong_track"": 0}","{""ambiguous_registrations"": 0, ""clusters"": 1436, ""dropped_ambiguous"": 0, ""matched"": 1234, ""registrations"": 0, ""spurious"": 202, ""tracks"": 0, ""wrong_track"": 0}"
T2nn,2,600.0,1.944810620251029,0.16357848006130624,0.16034113468647138,400.0,4,4,9,3,0.5567601370597567,True,6731,58.998896643999615,0.17378227757159476,0.16803970604455337,1.2748608067164777,0.21831237681216942,0.1927854077790662,0.44555692971895017,1.2998740613050073,1.2982145432975603,1.3133667885552864,2.0330604065993976,2.0325725558862713,3.4030030883268934,b4681ec,"{""ambiguous_registrations"": 0, ""clusters"": 4869, ""dropped_ambiguous"": 2202, ""matched"": 4711, ""registrations"": 0, ""spurious"": 158, ""tracks"": 176, ""wrong_track"": 55}","{""ambiguous_registrations"": 0, ""clusters"": 206, ""dropped_ambiguous"": 40, ""matched"": 206, ""registrations"": 0, ""spurious"": 0, ""tracks"": 48, ""wrong_track"": 4}","{""ambiguous_registrations"": 0, ""clusters"": 2758, ""dropped_ambiguous"": 234, ""matched"": 2645, ""registrations"": 0, ""spurious"": 113, ""tracks"": 91, ""wrong_track"": 118}","{""ambiguous_registrations"": 0, ""clusters"": 1426, ""dropped_ambiguous"": 52, ""matched"": 1230, ""registrations"": 0, ""spurious"": 196, ""tracks"": 91, ""wrong_track"": 39}"
T2reg,2,600.0,3.1373623147127323,0.15665703583579232,0.15900905044382252,520.0,4,4,7,4,9.07138391303735,False,8439,95.36839945500105,0.15543441403720779,0.15559610439783558,1.035940005249382,3.1420143362452335,3.1224752293071263,3.7747993843896905,2.91717050192885,2.93669561599944,3.068940158957531,1.7888935362957683,2.0688789295592125,3.8251135132164875,b4681ec,"{""ambiguous_registrations"": 0, ""clusters"": 4895, ""dropped_ambiguous"": 831, ""matched"": 4747, ""registrations"": 596, ""spurious"": 148, ""tracks"": 299, ""wrong_track"": 101}","{""ambiguous_registrations"": 0, ""clusters"": 210, ""dropped_ambiguous"": 0, ""matched"": 210, ""registrations"": 0, ""spurious"": 0, ""tracks"": 78, ""wrong_track"": 6}","{""ambiguous_registrations"": 0, ""clusters"": 2757, ""dropped_ambiguous"": 23, ""matched"": 2645, ""registrations"": 485, ""spurious"": 112, ""tracks"": 95, ""wrong_track"": 209}","{""ambiguous_registrations"": 0, ""clusters"": 1433, ""dropped_ambiguous"": 2, ""matched"": 1231, ""registrations"": 340, ""spurious"": 202, ""tracks"": 112, ""wrong_track"": 34}"
T2nn-uuv,2,600.0,1.1406613132940877,0.16334112753217447,0.1666553725292899,400.0,4,4,8,0,0.5462774785472317,True,8997,58.90610513000138,0.14221441034368817,0.14221747679311494,0.6047989216949015,0.13541054124686672,0.16217000114581695,0.4036694247452882,1.2998740613050073,1.2986904564578001,1.314622857250356,2.0330604065993976,1.4329851490331291,1.7168194225429112,b4681ec,"{""ambiguous_registrations"": 0, ""clusters"": 4891, ""dropped_ambiguous"": 0, ""matched"": 4732, ""registrations"": 0, ""spurious"": 159, ""tracks"": 0, ""wrong_track"": 0}","{""ambiguous_registrations"": 0, ""clusters"": 208, ""dropped_ambiguous"": 0, ""matched"": 208, ""registrations"": 0, ""spurious"": 0, ""tracks"": 0, ""wrong_track"": 0}","{""ambiguous_registrations"": 0, ""clusters"": 2758, ""dropped_ambiguous"": 234, ""matched"": 2645, ""registrations"": 0, ""spurious"": 113, ""tracks"": 91, ""wrong_track"": 118}","{""ambiguous_registrations"": 0, ""clusters"": 1426, ""dropped_ambiguous"": 52, ""matched"": 1230, ""registrations"": 0, ""spurious"": 196, ""tracks"": 91, ""wrong_track"": 39}"
T2nn-land,2,600.0,0.2166610294232499,0.16633721349840216,0.15907723440739224,400.0,4,4,9,0,0.21494904373622334,True,7028,61.05403526400187,0.17378227757159476,0.1679037893487239,0.2474274640035319,0.21831237681216942,0.20197850775258183,0.2377975022996435,0.1300191161718778,0.1276481683045802,0.1980008569335057,0.12327704802858643,0.12035954669283076,0.17548693767172216,b4681ec,"{""ambiguous_registrations"": 0, ""clusters"": 4869, ""dropped_ambiguous"": 2202, ""matched"": 4711, ""registrations"": 0, ""spurious"": 158, ""tracks"": 176, ""wrong_track"": 55}","{""ambiguous_registrations"": 0, ""clusters"": 206, ""dropped_ambiguous"": 40, ""matched"": 206, ""registrations"": 0, ""spurious"": 0, ""tracks"": 48, ""wrong_track"": 4}","{""ambiguous_registrations"": 0, ""clusters"": 2759, ""dropped_ambiguous"": 0, ""matched"": 2645, ""registrations"": 0, ""spurious"": 114, ""tracks"": 0, ""wrong_track"": 0}","{""ambiguous_registrations"": 0, ""clusters"": 1436, ""dropped_ambiguous"": 0, ""matched"": 1234, ""registrations"": 0, ""spurious"": 202, ""tracks"": 0, ""wrong_track"": 0}"
T1,3,600.0,0.100353520353406,0.07497371186491622,0.07559111364268241,300.0,4,4,10,0,0.21263037017654643,True,17920,74.27488592699956,0.021761960260547088,0.02175905829006738,0.06002937350627385,0.1642348330248753,0.131027665846579,0.14357242939269868,0.04404017442744875,0.043058739885600966,0.05977152026197822,0.0920557970106379,0.0686529263349297,0.11177707005276459,b4681ec,,,,
T2,3,600.0,0.2755119827916186,0.1801706255430819,0.1790407259345935,400.0,4,4,10,0,0.8706887291354775,True,9122,54.5505552350005,0.2040831714109291,0.20421296392385355,0.32879056392268563,0.16987289188554736,0.1881876056182393,0.23054445833332096,0.09882134800854386,0.09762494339668466,0.13454718936544802,0.11959898007267566,0.12310568332427493,0.3525201870647025,b4681ec,"{""ambiguous_registrations"": 0, ""clusters"": 4702, ""dropped_ambiguous"": 0, ""matched"": 4527, ""registrations"": 0, ""spurious"": 175, ""tracks"": 0, ""wrong_track"": 0}","{""ambiguous_registrations"": 0, ""clusters"": 233, ""dropped_ambiguous"": 0, ""matched"": 233, ""registrations"": 0, ""spurious"": 0, ""tracks"": 0, ""wrong_track"": 0}","{""ambiguous_registrations"": 0, ""clusters"": 2814, ""dropped_ambiguous"": 0, ""matched"": 2519, ""registrations"": 0, ""spurious"": 295, ""tracks"": 0, ""wrong_track"": 0}","{""ambiguous_registrations"": 0, ""clusters"": 1373, ""dropped_ambiguous"": 0, ""matched"": 1198, ""registrations"": 0, ""spurious"": 175, ""tracks"": 0, ""wrong_track"": 0}"
T2nn,3,600.0,1.6567807701117747,0.18624074432655208,0.19279088950300824,540.0,4,4,9,0,0.7552606611735398,True,6349,52.87126525399799,0.2694166698092101,0.26942296396770743,0.3199159923951696,2.3277458399250395,2.305438888615495,2.821198378151278,1.0996694688446012,1.1072202022505824,1.297583296673187,1.3408540771638575,0.9187896467459542,1.1110630666032504,b4681ec,"{""ambiguous_registrations"": 0, ""clusters"": 4694, ""dropped_ambiguous"": 2270, ""matched"": 4518, ""registrations"": 0, ""spurious"": 176, ""tracks"": 129, ""wrong_track"": 26}","{""ambiguous_registrations"": 0, ""clusters"": 235, ""dropped_ambiguous"": 33, ""matched"": 235, ""registrations"": 0, ""spurious"": 0, ""tracks"": 47, ""wrong_track"": 8}","{""ambiguous_registrations"": 0, ""clusters"": 2812, ""dropped_ambiguous"": 415, ""matched"": 2516, ""registrations"": 0, ""spurious"": 296, ""tracks"": 98, ""wrong_track"": 79}","{""ambiguous_registrations"": 0, ""clusters"": 1373, ""dropped_ambiguous"": 47, ""matched"": 1198, ""registrations"": 0, ""spurious"": 175, ""tracks"": 95, ""wrong_track"": 10}"
T2reg,3,600.0,3.3068249133200514,0.1803254990792437,0.18254477280459483,520.0,4,4,8,1,1.0799248468047977,False,8129,79.69478340700152,0.21856146871173934,0.2187885925889924,1.106113860558054,2.024223825634414,2.029483992637363,2.7162610122327004,3.8379820736594037,3.8212029208395544,5.439588386973157,1.447809831492951,1.3252351478600695,2.3557759763248636,b4681ec,"{""ambiguous_registrations"": 2, ""clusters"": 4726, ""dropped_ambiguous"": 969, ""matched"": 4553, ""registrations"": 597, ""spurious"": 173, ""tracks"": 230, ""wrong_track"": 33}","{""ambiguous_registrations"": 0, ""clusters"": 229, ""dropped_ambiguous"": 6, ""matched"": 229, ""registrations"": 0, ""spurious"": 0, ""tracks"": 73, ""wrong_track"": 2}","{""ambiguous_registrations"": 0, ""clusters"": 2809, ""dropped_ambiguous"": 35, ""matched"": 2519, ""registrations"": 490, ""spurious"": 290, ""tracks"": 129, ""wrong_track"": 424}","{""ambiguous_registrations"": 1, ""clusters"": 1375, ""dropped_ambiguous"": 0, ""matched"": 1199, ""registrations"": 281, ""spurious"": 176, ""tracks"": 104, ""wrong_track"": 6}"
T2nn-uuv,3,600.0,1.0608738056836862,0.17991875335084656,0.1793951940237757,540.0,4,4,7,0,0.9663540242515255,True,8658,80.64585866300331,0.2040831714109291,0.20421233819453288,0.6991064446691948,0.16987289188554736,0.18429397353279678,0.3178553857026843,1.0996694688446012,1.0926266087031267,1.1774608320459603,1.3408540771638575,1.3195713934810394,1.5892190057202882,b4681ec,"{""ambiguous_registrations"": 0, ""clusters"": 4702, ""dropped_ambiguous"": 0, ""matched"": 4527, ""registrations"": 0, ""spurious"": 175, ""tracks"": 0, ""wrong_track"": 0}","{""ambiguous_registrations"": 0, ""clusters"": 233, ""dropped_ambiguous"": 0, ""matched"": 233, ""registrations"": 0, ""spurious"": 0, ""tracks"": 0, ""wrong_track"": 0}","{""ambiguous_registrations"": 0, ""clusters"": 2812, ""dropped_ambiguous"": 415, ""matched"": 2516, ""registrations"": 0, ""spurious"": 296, ""tracks"": 98, ""wrong_track"": 79}","{""ambiguous_registrations"": 0, ""clusters"": 1373, ""dropped_ambiguous"": 47, ""matched"": 1198, ""registrations"": 0, ""spurious"": 175, ""tracks"": 95, ""wrong_track"": 10}"
T2nn-land,3,600.0,1.4374991087018507,0.1864233363045542,0.19248351666285796,400.0,4,4,10,0,0.8615599206373453,True,6813,64.28643106299569,0.2694166698092101,0.2694283764006583,0.3211131959607801,2.3277458399250395,2.3094665393215887,2.75709962253048,0.09882134800854386,0.09756270744415853,0.15679234372034043,0.11959898007267566,0.12296490468309998,0.7323379669573904,b4681ec,"{""ambiguous_registrations"": 0, ""clusters"": 4694, ""dropped_ambiguous"": 2270, ""matched"": 4518, ""registrations"": 0, ""spurious"": 176, ""tracks"": 129, ""wrong_track"": 26}","{""ambiguous_registrations"": 0, ""clusters"": 235, ""dropped_ambiguous"": 33, ""matched"": 235, ""registrations"": 0, ""spurious"": 0, ""tracks"": 47, ""wrong_track"": 8}","{""ambiguous_registrations"": 0, ""clusters"": 2814, ""dropped_ambiguous"": 0, ""matched"": 2519, ""registrations"": 0, ""spurious"": 295, ""tracks"": 0, ""wrong_track"": 0}","{""ambiguous_registrations"": 0, ""clusters"": 1373, ""dropped_ambiguous"": 0, ""matched"": 1198, ""registrations"": 0, ""spurious"": 175, ""tracks"": 0, ""wrong_track"": 0}"
T1,4,600.0,0.13158620669996582,0.09642062497787131,0.09669969889060623,280.0,4,4,10,1,0.6021229750531905,True,18001,60.5899527090005,0.020782922020362984,0.02077151201714918,0.06529246320775585,0.1707156901298429,0.1392810476851068,0.1623053762790696,0.03213517860979196,0.032989385013681434,0.06827748089368607,0.1435355163089913,0.14661382646519208,0.1843685544140604,b4681ec,,,,
T2,4,600.0,0.2245338313171192,0.20067154451465957,0.18800080861909219,240.0,4,4,10,0,0.2747772923370266,True,8914,44.22872985200229,0.12777591404602018,0.12772489941580253,0.25176156279686623,0.15283214520689853,0.1907176854576636,0.21984565851484972,0.12367226360324603,0.12277735762422728,0.14104822710221895,0.21922667924634417,0.20346011851544935,0.26467180655549755,b4681ec,"{""ambiguous_registrations"": 0, ""clusters"": 4505, ""dropped_ambiguous"": 0, ""matched"": 4303, ""registrations"": 0, ""spurious"": 202, ""tracks"": 0, ""wrong_track"": 0}","{""ambiguous_registrations"": 0, ""clusters"": 190, ""dropped_ambiguous"": 0, ""matched"": 190, ""registrations"": 0, ""spurious"": 0, ""tracks"": 0, ""wrong_track"": 0}","{""ambiguous_registrations"": 0, ""clusters"": 2781, ""dropped_ambiguous"": 0, ""matched"": 2691, ""registrations"": 0, ""spurious"": 90, ""tracks"": 0, ""wrong_track"": 0}","{""ambiguous_registrations"": 0, ""clusters"": 1438, ""dropped_ambiguous"": 0, ""matched"": 1292, ""registrations"": 0, ""spurious"": 146, ""tracks"": 0, ""wrong_track"": 0}"
T2nn,4,600.0,2.4840665759430984,0.22204283074246253,0.19804034329670855,360.0,4,4,8,1,0.45149855817233814,True,6653,77.88225619899458,1.3709533881917308,1.3706911663976535,1.7533761571267006,0.19046782752220692,0.22107171935760683,0.8279817500324057,0.156603263857815,0.15663652809661538,0.6694951436278261,4.776488650007113,3.1906262442850584,4.524847128993676,b4681ec,"{""ambiguous_registrations"": 0, ""clusters"": 4512, ""dropped_ambiguous"": 2028, ""matched"": 4322, ""registrations"": 0, ""spurious"": 190, ""tracks"": 134, ""wrong_track"": 84}","{""ambiguous_registrations"": 0, ""clusters"": 184, ""dropped_ambiguous"": 36, ""matched"": 184, ""registrations"": 0, ""spurious"": 0, ""tracks"": 46, ""wrong_track"": 4}","{""ambiguous_registrations"": 0, ""clusters"": 2779, ""dropped_ambiguous"": 186, ""matched"": 2690, ""registrations"": 0, ""spurious"": 89, ""tracks"": 85, ""wrong_track"": 2}","{""ambiguous_registrations"": 0, ""clusters"": 1440, ""dropped_ambiguous"": 12, ""matched"": 1291, ""registrations"": 0, ""spurious"": 149, ""tracks"": 83, ""wrong_track"": 32}"
T2reg,4,600.0,2.7596401469727203,0.20244977561821884,0.18900099662791828,280.0,4,4,8,0,0.8246350171496407,True,7827,56.81571927200275,0.20525589237159525,0.20460634914643736,0.8311129230783829,2.0216309449505987,2.0307496760070896,2.5385166401937718,3.5403280056487585,3.5404903137215586,4.6990846112639,0.5548509542512498,0.37417707577567916,1.116352702271419,b4681ec,"{""ambiguous_registrations"": 4, ""clusters"": 4510, ""dropped_ambiguous"": 1084, ""matched"": 4332, ""registrations"": 586, ""spurious"": 178, ""tracks"": 238, ""wrong_track"": 27}","{""ambiguous_registrations"": 0, ""clusters"": 187, ""dropped_ambiguous"": 3, ""matched"": 187, ""registrations"": 0, ""spurious"": 0, ""tracks"": 71, ""wrong_track"": 1}","{""ambiguous_registrations"": 0, ""clusters"": 2780, ""dropped_ambiguous"": 2, ""matched"": 2692, ""registrations"": 487, ""spurious"": 88, ""tracks"": 75, ""wrong_track"": 385}","{""ambiguous_registrations"": 0, ""clusters"": 1442, ""dropped_ambiguous"": 3, ""matched"": 1292, ""registrations"": 342, ""spurious"": 150, ""tracks"": 95, ""wrong_track"": 1}"
T2nn-uuv,4,600.0,1.9798006214537085,0.20125754601304538,0.18867641476655303,280.0,4,4,9,3,9.064008002560593,False,8716,47.41247753799689,0.12777591404602018,0.12781668356701936,0.5333332601757022,0.15283214520689853,0.1954380158029648,0.7046202916623409,0.156603263857815,0.1572993453571785,0.8272512540968098,4.776488650007113,3.1868141890539436,3.770034912782275,b4681ec,"{""ambiguous_registrations"": 0, ""clusters"": 4505, ""dropped_ambiguous"": 0, ""matched"": 4303, ""registrations"": 0, ""spurious"": 202, ""tracks"": 0, ""wrong_track"": 0}","{""ambiguous_registrations"": 0, ""clusters"": 190, ""dropped_ambiguous"": 0, ""matched"": 190, ""registrations"": 0, ""spurious"": 0, ""tracks"": 0, ""wrong_track"": 0}","{""ambiguous_registrations"": 0, ""clusters"": 2779, ""dropped_ambiguous"": 186, ""matched"": 2690, ""registrations"": 0, ""spurious"": 89, ""tracks"": 85, ""wrong_track"": 2}","{""ambiguous_registrations"": 0, ""clusters"": 1440, ""dropped_ambiguous"": 12, ""matched"": 1291, ""registrations"": 0, ""spurious"": 149, ""tracks"": 83, ""wrong_track"": 32}"
T2nn-land,4,600.0,0.7107667380603788,0.22148761926474514,0.1973398518638182,280.0,4,4,9,0,0.1927893602477571,True,6851,74.1207468040011,1.3709533881917308,1.370554267729247,1.3755065455941071,0.19046782752220692,0.21794611420942872,0.24437084112642407,0.12367226360324603,0.12271238719502427,0.13629232947289727,0.21922667924634417,0.2038989712583496,0.22460289333342642,b4681ec,"{""ambiguous_registrations"": 0, ""clusters"": 4512, ""dropped_ambiguous"": 2028, ""matched"": 4322, ""registrations"": 0, ""spurious"": 190, ""tracks"": 134, ""wrong_track"": 84}","{""ambiguous_registrations"": 0, ""clusters"": 184, ""dropped_ambiguous"": 36, ""matched"": 184, ""registrations"": 0, ""spurious"": 0, ""tracks"": 46, ""wrong_track"": 4}","{""ambiguous_registrations"": 0, ""clusters"": 2781, ""dropped_ambiguous"": 0, ""matched"": 2691, ""registrations"": 0, ""spurious"": 90, ""tracks"": 0, ""wrong_track"": 0}","{""ambiguous_registrations"": 0, ""clusters"": 1438, ""dropped_ambiguous"": 0, ""matched"": 1292, ""registrations"": 0, ""spurious"": 146, ""tracks"": 0, ""wrong_track"": 0}"
T1,5,600.0,0.14761978259405836,0.09179974861695603,0.09168205724434471,300.0,4,4,10,0,0.27989832048856,True,17283,112.20786503200361,0.021854260053747843,0.021855311461896766,0.042435372315962484,0.25400615586826714,0.1439029530933681,0.20805531301924465,0.03500105787468107,0.0342127375481711,0.04284387399855916,0.12971149155722986,0.12139904211469564,0.20060665296578173,b4681ec,,,,
T2,5,600.0,0.25633439833818744,0.21087151964710232,0.21518526027021168,280.0,4,4,9,0,0.5050444250847138,True,8248,38.8758939459949,0.2134688294052779,0.21363101967051049,0.3287862884567484,0.2609304138193188,0.20037735694272577,0.2564451468308788,0.11661983160545202,0.11521124399749402,0.16756915891425536,0.17536757647858653,0.18324196268888962,0.24674953952560083,b4681ec,"{""ambiguous_registrations"": 0, ""clusters"": 3709, ""dropped_ambiguous"": 0, ""matched"": 3620, ""registrations"": 0, ""spurious"": 89, ""tracks"": 0, ""wrong_track"": 0}","{""ambiguous_registrations"": 0, ""clusters"": 192, ""dropped_ambiguous"": 0, ""matched"": 192, ""registrations"": 0, ""spurious"": 0, ""tracks"": 0, ""wrong_track"": 0}","{""ambiguous_registrations"": 0, ""clusters"": 2892, ""dropped_ambiguous"": 0, ""matched"": 2719, ""registrations"": 0, ""spurious"": 173, ""tracks"": 0, ""wrong_track"": 0}","{""ambiguous_registrations"": 0, ""clusters"": 1455, ""dropped_ambiguous"": 0, ""matched"": 1259, ""registrations"": 0, ""spurious"": 196, ""tracks"": 0, ""wrong_track"": 0}"
T2nn,5,600.0,3.839174981814587,0.20085885773511541,0.2039837217687439,540.0,4,4,6,6,3.3693348081936834,False,6306,56.30255815599958,0.1743364820224623,0.1743817638449441,2.9393474899136915,3.818177092321668,3.7249423215582964,4.814582050140725,3.004398413362669,2.998104649439272,4.541314748961516,0.9247388863126914,0.2476337725480188,2.552166634612553,b4681ec,"{""ambiguous_registrations"": 0, ""clusters"": 3691, ""dropped_ambiguous"": 1426, ""matched"": 3616, ""registrations"": 0, ""spurious"": 75, ""tracks"": 111, ""wrong_track"": 11}","{""ambiguous_registrations"": 0, ""clusters"": 191, ""dropped_ambiguous"": 31, ""matched"": 191, ""registrations"": 0, ""spurious"": 0, ""tracks"": 55, ""wrong_track"": 19}","{""ambiguous_registrations"": 0, ""clusters"": 2891, ""dropped_ambiguous"": 399, ""matched"": 2717, ""registrations"": 0, ""spurious"": 174, ""tracks"": 97, ""wrong_track"": 150}","{""ambiguous_registrations"": 0, ""clusters"": 1463, ""dropped_ambiguous"": 74, ""matched"": 1262, ""registrations"": 0, ""spurious"": 201, ""tracks"": 90, ""wrong_track"": 4}"
T2reg,5,600.0,5.38438909275483,0.20640950561370344,0.20690085929476945,540.0,4,4,6,5,9.038223979437594,False,7257,48.55591886599723,0.21260669234075216,0.2126066830574408,1.5749032721382312,4.955577878755973,4.921803841963691,5.180143592042447,6.986524554982173,6.7694824954065504,8.716559657491292,1.496597413770701,1.377508629005576,3.2671032116132954,b4681ec,"{""ambiguous_registrations"": 0, ""clusters"": 3709, ""dropped_ambiguous"": 984, ""matched"": 3625, ""registrations"": 512, ""spurious"": 84, ""tracks"": 180, ""wrong_track"": 2}","{""ambiguous_registrations"": 0, ""clusters"": 189, ""dropped_ambiguous"": 0, ""matched"": 189, ""registrations"": 0, ""spurious"": 0, ""tracks"": 81, ""wrong_track"": 9}","{""ambiguous_registrations"": 0, ""clusters"": 2884, ""dropped_ambiguous"": 0, ""matched"": 2719, ""registrations"": 494, ""spurious"": 165, ""tracks"": 101, ""wrong_track"": 477}","{""ambiguous_registrations"": 1, ""clusters"": 1461, ""dropped_ambiguous"": 2, ""matched"": 1259, ""registrations"": 356, ""spurious"": 202, ""tracks"": 107, ""wrong_track"": 1}"
T2nn-uuv,5,600.0,2.7945179523339037,0.21096527739218005,0.2154336347549708,300.0,4,4,8,3,0.7178457424463534,True,7782,50.84510081799817,0.2134688294052779,0.2135592487628041,1.2059401987534568,0.2609304138193188,0.21130885463785468,1.4787275062642142,3.004398413362669,2.9980919250961544,5.058350340454758,0.9247388863126914,0.27259282563003007,1.4175638878495826,b4681ec,"{""ambiguous_registrations"": 0, ""clusters"": 3709, ""dropped_ambiguous"": 0, ""matched"": 3620, ""registrations"": 0, ""spurious"": 89, ""tracks"": 0, ""wrong_track"": 0}","{""ambiguous_registrations"": 0, ""clusters"": 192, ""dropped_ambiguous"": 0, ""matched"": 192, ""registrations"": 0, ""spurious"": 0, ""tracks"": 0, ""wrong_track"": 0}","{""ambiguous_registrations"": 0, ""clusters"": 2891, ""dropped_ambiguous"": 399, ""matched"": 2717, ""registrations"": 0, ""spurious"": 174, ""tracks"": 97, ""wrong_track"": 150}","{""ambiguous_registrations"": 0, ""clusters"": 1463, ""dropped_ambiguous"": 74, ""matched"": 1262, ""registrations"": 0, ""spurious"": 201, ""tracks"": 90, ""wrong_track"": 4}"
T2nn-land,5,600.0,2.58704535026497,0.20072085580891996,0.20372197775920145,400.0,4,4,9,5,1.5145183346098947,False,6772,63.943920063000405,0.1743364820224623,0.17449347897958387,1.053716184562476,3.818177092321668,3.701052431156444,4.982956980759747,0.11661983160545202,0.11543701140913268,0.6939504509878248,0.17536757647858653,0.18479614604791336,0.591159267180183,b4681ec,"{""ambiguous_registrations"": 0, ""clusters"": 3691, ""dropped_ambiguous"": 1426, ""matched"": 3616, ""registrations"": 0, ""spurious"": 75, ""tracks"": 111, ""wrong_track"": 11}","{""ambiguous_registrations"": 0, ""clusters"": 191, ""dropped_ambiguous"": 31, ""matched"": 191, ""registrations"": 0, ""spurious"": 0, ""tracks"": 55, ""wrong_track"": 19}","{""ambiguous_registrations"": 0, ""clusters"": 2892, ""dropped_ambiguous"": 0, ""matched"": 2719, ""registrations"": 0, ""spurious"": 173, ""tracks"": 0, ""wrong_track"": 0}","{""ambiguous_registrations"": 0, ""clusters"": 1455, ""dropped_ambiguous"": 0, ""matched"": 1259, ""registrations"": 0, ""spurious"": 196, ""tracks"": 0, ""wrong_track"": 0}"
T1,6,600.0,0.1545104306843738,0.09680702602181777,0.09673984195346476,240.0,4,4,10,0,0.31235336695233895,True,18039,114.20626482400257,0.021994696184095937,0.021999719924551513,0.08173457782816065,0.19293148797210136,0.12983607863633237,0.14338293964926335,0.041039265636198634,0.03955088157073395,0.0983937443765508,0.16786616296561135,0.16198030067901015,0.24201932822283584,b4681ec,,,,
T2,6,600.0,0.25029286923936256,0.22233281712796157,0.21929378918378575,400.0,4,4,9,0,0.7542315396458225,True,9005,39.23934043400368,0.18871112925669686,0.1887384446176439,0.27821463896367354,0.18196584597107804,0.19485449751762798,0.26008496657564045,0.1068043460955116,0.10586218295273778,0.1712574886374065,0.2362563252886954,0.23394882856204752,0.2760604625468122,b4681ec,"{""ambiguous_registrations"": 0, ""clusters"": 4735, ""dropped_ambiguous"": 0, ""matched"": 4517, ""registrations"": 0, ""spurious"": 218, ""tracks"": 0, ""wrong_track"": 0}","{""ambiguous_registrations"": 0, ""clusters"": 165, ""dropped_ambiguous"": 0, ""matched"": 165, ""registrations"": 0, ""spurious"": 0, ""tracks"": 0, ""wrong_track"": 0}","{""ambiguous_registrations"": 0, ""clusters"": 2698, ""dropped_ambiguous"": 0, ""matched"": 2580, ""registrations"": 0, ""spurious"": 118, ""tracks"": 0, ""wrong_track"": 0}","{""ambiguous_registrations"": 0, ""clusters"": 1407, ""dropped_ambiguous"": 0, ""matched"": 1261, ""registrations"": 0, ""spurious"": 146, ""tracks"": 0, ""wrong_track"": 0}"
T2nn,6,600.0,4.94652087259231,0.21759189390830103,0.20629485274364867,520.0,4,4,8,2,0.6147039079346687,True,6654,60.98201881600107,0.1570148091388445,0.15715233136324996,1.7676637613909936,0.18387886955393806,0.17479483654660793,1.4982796069748967,4.922529794761553,4.927564888158751,9.348907041551866,1.491175730522082,1.393261364453121,2.2584807164055385,b4681ec,"{""ambiguous_registrations"": 0, ""clusters"": 4736, ""dropped_ambiguous"": 2004, ""matched"": 4502, ""registrations"": 0, ""spurious"": 234, ""tracks"": 144, ""wrong_track"": 31}","{""ambiguous_registrations"": 0, ""clusters"": 151, ""dropped_ambiguous"": 17, ""matched"": 151, ""registrations"": 0, ""spurious"": 0, ""tracks"": 30, ""wrong_track"": 2}","{""ambiguous_registrations"": 0, ""clusters"": 2698, ""dropped_ambiguous"": 250, ""matched"": 2580, ""registrations"": 0, ""spurious"": 118, ""tracks"": 98, ""wrong_track"": 201}","{""ambiguous_registrations"": 0, ""clusters"": 1407, ""dropped_ambiguous"": 67, ""matched"": 1262, ""registrations"": 0, ""spurious"": 145, ""tracks"": 85, ""wrong_track"": 8}"
T2reg,6,600.0,4.829002366482105,0.23048355735333634,0.22648316040532684,600.0,4,4,8,5,10.953131407035942,False,7826,53.880496785001014,0.18356259446461193,0.18296421132137727,1.5751039722960054,0.24535346360928817,0.21718629602301706,1.2593255243736228,5.704889239174063,5.7057760544153275,7.471300063320961,3.335091025273632,3.4382164154861745,5.778397484242298,b4681ec,"{""ambiguous_registrations"": 2, ""clusters"": 4737, ""dropped_ambiguous"": 1158, ""matched"": 4506, ""registrations"": 584, ""spurious"": 231, ""tracks"": 211, ""wrong_track"": 55}","{""ambiguous_registrations"": 0, ""clusters"": 158, ""dropped_ambiguous"": 12, ""matched"": 158, ""registrations"": 0, ""spurious"": 0, ""tracks"": 53, ""wrong_track"": 0}","{""ambiguous_registrations"": 0, ""clusters"": 2696, ""dropped_ambiguous"": 6, ""matched"": 2578, ""registrations"": 486, ""spurious"": 118, ""tracks"": 101, ""wrong_track"": 168}","{""ambiguous_registrations"": 0, ""clusters"": 1412, ""dropped_ambiguous"": 1, ""matched"": 1263, ""registrations"": 320, ""spurious"": 149, ""tracks"": 94, ""wrong_track"": 6}"
T2nn-uuv,6,600.0,4.909363084877544,0.22285896503289881,0.2198895884001255,480.0,4,4,8,1,0.631040465233453,True,8688,47.809308300995326,0.18871112925669686,0.1887063780263391,1.796963973113592,0.18196584597107804,0.17728455364060372,1.4337975856098164,4.922529794761553,4.907556281401403,9.283425375512945,1.491175730522082,1.429702074850208,2.2227329701849112,b4681ec,"{""ambiguous_registrations"": 0, ""clusters"": 4735, ""dropped_ambiguous"": 0, ""matched"": 4517, ""registrations"": 0, ""spurious"": 218, ""tracks"": 0, ""wrong_track"": 0}","{""ambiguous_registrations"": 0, ""clusters"": 165, ""dropped_ambiguous"": 0, ""matched"": 165, ""registrations"": 0, ""spurious"": 0, ""tracks"": 0, ""wrong_track"": 0}","{""ambiguous_registrations"": 0, ""clusters"": 2698, ""dropped_ambiguous"": 250, ""matched"": 2580, ""registrations"": 0, ""spurious"": 118, ""tracks"": 98, ""wrong_track"": 201}","{""ambiguous_registrations"": 0, ""clusters"": 1407, ""dropped_ambiguous"": 67, ""matched"": 1262, ""registrations"": 0, ""spurious"": 145, ""tracks"": 85, ""wrong_track"": 8}"
T2nn-land,6,600.0,0.2660358975200298,0.21706603007611117,0.20560635705750474,420.0,4,4,9,0,0.8338148440101485,True,6971,39.985156253998866,0.1570148091388445,0.1572287254568733,0.2562617102067971,0.18387886955393806,0.18974880500408486,0.30213053215528485,0.1068043460955116,0.10590720937466168,0.19256276295657354,0.2362563252886954,0.2332659414519133,0.29844104077880035,b4681ec,"{""ambiguous_registrations"": 0, ""clusters"": 4736, ""dropped_ambiguous"": 2004, ""matched"": 4502, ""registrations"": 0, ""spurious"": 234, ""tracks"": 144, ""wrong_track"": 31}","{""ambiguous_registrations"": 0, ""clusters"": 151, ""dropped_ambiguous"": 17, ""matched"": 151, ""registrations"": 0, ""spurious"": 0, ""tracks"": 30, ""wrong_track"": 2}","{""ambiguous_registrations"": 0, ""clusters"": 2698, ""dropped_ambiguous"": 0, ""matched"": 2580, ""registrations"": 0, ""spurious"": 118, ""tracks"": 0, ""wrong_track"": 0}","{""ambiguous_registrations"": 0, ""clusters"": 1407, ""dropped_ambiguous"": 0, ""matched"": 1261, ""registrations"": 0, ""spurious"": 146, ""tracks"": 0, ""wrong_track"": 0}"
T1,7,600.0,0.09959629348271282,0.07625462766147052,0.07615790422466925,280.0,4,4,10,0,0.23833986508635915,True,17871,72.3307906379996,0.02283907522078149,0.022833615854502432,0.060614912546395415,0.15644281186982445,0.13247403283769707,0.13731714652057958,0.03971555586696919,0.039293661895651096,0.05165259110530733,0.08197265711943072,0.08093443222613844,0.12033091947843286,b4681ec,,,,
T2,7,600.0,0.2120721913118622,0.16959479845586395,0.16234753935843443,400.0,4,4,10,0,0.365185483204614,True,9250,71.47014161800325,0.17502876040741916,0.1750478650520853,0.25935377269323473,0.14606475584903514,0.1784636799508955,0.27669483764669633,0.09938479025150287,0.09861198919578532,0.1244562584801088,0.1250689949534281,0.1342135100579225,0.14347363676246225,b4681ec,"{""ambiguous_registrations"": 0, ""clusters"": 4800, ""dropped_ambiguous"": 0, ""matched"": 4651, ""registrations"": 0, ""spurious"": 149, ""tracks"": 0, ""wrong_track"": 0}","{""ambiguous_registrations"": 0, ""clusters"": 193, ""dropped_ambiguous"": 0, ""matched"": 193, ""registrations"": 0, ""spurious"": 0, ""tracks"": 0, ""wrong_track"": 0}","{""ambiguous_registrations"": 0, ""clusters"": 2859, ""dropped_ambiguous"": 0, ""matched"": 2669, ""registrations"": 0, ""spurious"": 190, ""tracks"": 0, ""wrong_track"": 0}","{""ambiguous_registrations"": 0, ""clusters"": 1398, ""dropped_ambiguous"": 0, ""matched"": 1257, ""registrations"": 0, ""spurious"": 141, ""tracks"": 0, ""wrong_track"": 0}"
T2nn,7,600.0,2.980801113858155,0.17979185011185042,0.17077060883754977,460.0,4,4,9,3,10.816456782015551,False,6517,77.1261302510029,3.780096249064264,3.7236283308169087,4.4226770457645195,0.16025730124400653,0.1795785964626047,0.6997094901237721,3.6263287621533338,3.6249312836110543,3.7713525621357555,1.0885537524930888,1.0700741887763459,1.1260263548791767,b4681ec,"{""ambiguous_registrations"": 0, ""clusters"": 4819, ""dropped_ambiguous"": 2213, ""matched"": 4689, ""registrations"": 0, ""spurious"": 130, ""tracks"": 180, ""wrong_track"": 141}","{""ambiguous_registrations"": 0, ""clusters"": 194, ""dropped_ambiguous"": 38, ""matched"": 194, ""registrations"": 0, ""spurious"": 0, ""tracks"": 34, ""wrong_track"": 0}","{""ambiguous_registrations"": 0, ""clusters"": 2858, ""dropped_ambiguous"": 495, ""matched"": 2668, ""registrations"": 0, ""spurious"": 190, ""tracks"": 100, ""wrong_track"": 273}","{""ambiguous_registrations"": 0, ""clusters"": 1394, ""dropped_ambiguous"": 2, ""matched"": 1256, ""registrations"": 0, ""spurious"": 138, ""tracks"": 87, ""wrong_track"": 7}"
T2reg,7,600.0,4.073271996655716,0.17837797297264488,0.16119822178050822,340.0,4,4,9,6,11.668087269362147,False,8158,61.506851840997115,0.26695842398340486,0.2574624573351339,0.819994058702853,0.3544216007934813,0.39482573337795235,1.5040580469799647,6.5519577902760435,6.551965012186057,7.73766121526463,1.156642534011427,1.144420109990598,1.8868484538390757,b4681ec,"{""ambiguous_registrations"": 2, ""clusters"": 4837, ""dropped_ambiguous"": 1092, ""matched"": 4692, ""registrations"": 589, ""spurious"": 145, ""tracks"": 318, ""wrong_track"": 76}","{""ambiguous_registrations"": 0, ""clusters"": 185, ""dropped_ambiguous"": 9, ""matched"": 185, ""registrations"": 0, ""spurious"": 0, ""tracks"": 61, ""wrong_track"": 0}","{""ambiguous_registrations"": 0, ""clusters"": 2861, ""dropped_ambiguous"": 21, ""matched"": 2670, ""registrations"": 491, ""spurious"": 191, ""tracks"": 115, ""wrong_track"": 233}","{""ambiguous_registrations"": 2, ""clusters"": 1397, ""dropped_ambiguous"": 0, ""matched"": 1257, ""registrations"": 296, ""spurious"": 140, ""tracks"": 93, ""wrong_track"": 22}"
T2nn-uuv,7,600.0,1.924040050144689,0.1699978614055521,0.1628111680443239,380.0,4,4,9,3,10.849822037808101,False,8748,66.86037866799597,0.17502876040741916,0.17505994007474587,0.212631337394654,0.14606475584903514,0.1755564687275065,0.35975876770449017,3.6263287621533338,3.626491875430912,3.659123017332311,1.0885537524930888,1.069672997972632,1.1153029838073159,b4681ec,"{""ambiguous_registrations"": 0, ""clusters"": 4800, ""dropped_ambiguous"": 0, ""matched"": 4651, ""registrations"": 0, ""spurious"": 149, ""tracks"": 0, ""wrong_track"": 0}","{""ambiguous_registrations"": 0, ""clusters"": 193, ""dropped_ambiguous"": 0, ""matched"": 193, ""registrations"": 0, ""spurious"": 0, ""tracks"": 0, ""wrong_track"": 0}","{""ambiguous_registrations"": 0, ""clusters"": 2858, ""dropped_ambiguous"": 495, ""matched"": 2668, ""registrations"": 0, ""spurious"": 190, ""tracks"": 100, ""wrong_track"": 273}","{""ambiguous_registrations"": 0, ""clusters"": 1394, ""dropped_ambiguous"": 2, ""matched"": 1256, ""registrations"": 0, ""spurious"": 138, ""tracks"": 87, ""wrong_track"": 7}"
T2nn-land,7,600.0,2.2562951182957316,0.17940640471709143,0.1703565407639922,280.0,4,4,10,0,0.3390339153285926,True,7019,50.97548689299583,3.780096249064264,3.7235978418852054,4.396498745288279,0.16025730124400653,0.18738364574867789,0.6746792147921941,0.09938479025150287,0.09862145437841392,0.43416003149210164,0.1250689949534281,0.13472680306785084,0.6249659592660624,b4681ec,"{""ambiguous_registrations"": 0, ""clusters"": 4819, ""dropped_ambiguous"": 2213, ""matched"": 4689, ""registrations"": 0, ""spurious"": 130, ""tracks"": 180, ""wrong_track"": 141}","{""ambiguous_registrations"": 0, ""clusters"": 194, ""dropped_ambiguous"": 38, ""matched"": 194, ""registrations"": 0, ""spurious"": 0, ""tracks"": 34, ""wrong_track"": 0}","{""ambiguous_registrations"": 0, ""clusters"": 2859, ""dropped_ambiguous"": 0, ""matched"": 2669, ""registrations"": 0, ""spurious"": 190, ""tracks"": 0, ""wrong_track"": 0}","{""ambiguous_registrations"": 0, ""clusters"": 1398, ""dropped_ambiguous"": 0, ""matched"": 1257, ""registrations"": 0, ""spurious"": 141, ""tracks"": 0, ""wrong_track"": 0}"
T1,8,600.0,0.10447156347430471,0.08408067022538498,0.08394076549477673,280.0,4,4,10,0,0.11451018230439408,True,17989,100.5007435669977,0.021815349108152627,0.02182280233880812,0.050533356047418376,0.1576485424318071,0.1269314531025293,0.14536666567028306,0.043024748682084245,0.04212262849830754,0.08127878553173527,0.11761633505634507,0.10626180738475416,0.115610993249076,b4681ec,,,,
T2,8,600.0,0.2751217175150139,0.17389062170444156,0.17540120894088784,440.0,4,4,9,0,0.6869674246512703,True,8789,66.9288306610033,0.1603854947979726,0.16088633024819346,0.37800431912673543,0.13714931519051612,0.15295060357352855,0.20986052537918065,0.07685471703638204,0.07629527033016935,0.14682029197372348,0.08550066791574487,0.0908636344152201,0.30705526256278765,b4681ec,"{""ambiguous_registrations"": 0, ""clusters"": 4266, ""dropped_ambiguous"": 0, ""matched"": 4113, ""registrations"": 0, ""spurious"": 153, ""tracks"": 0, ""wrong_track"": 0}","{""ambiguous_registrations"": 0, ""clusters"": 200, ""dropped_ambiguous"": 0, ""matched"": 200, ""registrations"": 0, ""spurious"": 0, ""tracks"": 0, ""wrong_track"": 0}","{""ambiguous_registrations"": 0, ""clusters"": 2908, ""dropped_ambiguous"": 0, ""matched"": 2614, ""registrations"": 0, ""spurious"": 294, ""tracks"": 0, ""wrong_track"": 0}","{""ambiguous_registrations"": 0, ""clusters"": 1415, ""dropped_ambiguous"": 0, ""matched"": 1240, ""registrations"": 0, ""spurious"": 175, ""tracks"": 0, ""wrong_track"": 0}"
T2nn,8,600.0,1.4201861638342266,0.19477514504388718,0.19181033403992995,280.0,4,4,9,2,1.718045516103809,False,6426,54.502636668003106,0.1624160281662979,0.16394798357076026,0.6444372691629486,0.15857552379375597,0.17828313628126086,0.4203900804038535,1.5000136386022747,1.499335904529863,1.5747805968714754,1.8634222407835328,1.6965487973348992,2.2351183006529367,b4681ec,"{""ambiguous_registrations"": 0, ""clusters"": 4270, ""dropped_ambiguous"": 1686, ""matched"": 4125, ""registrations"": 0, ""spurious"": 145, ""tracks"": 115, ""wrong_track"": 20}","{""ambiguous_registrations"": 0, ""clusters"": 200, ""dropped_ambiguous"": 9, ""matched"": 200, ""registrations"": 0, ""spurious"": 0, ""tracks"": 35, ""wrong_track"": 0}","{""ambiguous_registrations"": 0, ""clusters"": 2913, ""dropped_ambiguous"": 547, ""matched"": 2616, ""registrations"": 0, ""spurious"": 297, ""tracks"": 115, ""wrong_track"": 105}","{""ambiguous_registrations"": 0, ""clusters"": 1409, ""dropped_ambiguous"": 124, ""matched"": 1238, ""registrations"": 0, ""spurious"": 171, ""tracks"": 89, ""wrong_track"": 15}"
T2reg,8,600.0,3.246787330843441,0.183314353434725,0.17287678511085572,280.0,4,4,7,2,0.7101902177242309,True,7305,54.23251374500251,0.14195144550882877,0.14260759848430682,0.933227552682402,0.34485124432965064,0.294855312505668,1.304564815531834,3.803502580796359,3.8032950936605086,5.3466650567370735,1.8615424911212566,1.8924719866310304,3.3176620736535924,b4681ec,"{""ambiguous_registrations"": 3, ""clusters"": 4269, ""dropped_ambiguous"": 1408, ""matched"": 4127, ""registrations"": 582, ""spurious"": 142, ""tracks"": 136, ""wrong_track"": 8}","{""ambiguous_registrations"": 0, ""clusters"": 207, ""dropped_ambiguous"": 0, ""matched"": 207, ""registrations"": 0, ""spurious"": 0, ""tracks"": 49, ""wrong_track"": 0}","{""ambiguous_registrations"": 2, ""clusters"": 2907, ""dropped_ambiguous"": 75, ""matched"": 2616, ""registrations"": 484, ""spurious"": 291, ""tracks"": 117, ""wrong_track"": 624}","{""ambiguous_registrations"": 1, ""clusters"": 1408, ""dropped_ambiguous"": 3, ""matched"": 1238, ""registrations"": 305, ""spurious"": 170, ""tracks"": 101, ""wrong_track"": 0}"
T2nn-uuv,8,600.0,1.4315908631683343,0.17508255646640042,0.17707781466929373,400.0,4,4,9,2,1.784101862947335,False,8117,80.02768591500353,0.1603854947979726,0.16098265351345226,0.6532654990383743,0.13714931519051612,0.15396683051742588,0.4810444880126027,1.5000136386022747,1.4980702603589047,1.5790495341062842,1.8634222407835328,1.6813873858661015,2.246386555156033,b4681ec,"{""ambiguous_registrations"": 0, ""clusters"": 4266, ""dropped_ambiguous"": 0, ""matched"": 4113, ""registrations"": 0, ""spurious"": 153, ""tracks"": 0, ""wrong_track"": 0}","{""ambiguous_registrations"": 0, ""clusters"": 200, ""dropped_ambiguous"": 0, ""matched"": 200, ""registrations"": 0, ""spurious"": 0, ""tracks"": 0, ""wrong_track"": 0}","{""ambiguous_registrations"": 0, ""clusters"": 2913, ""dropped_ambiguous"": 547, ""matched"": 2616, ""registrations"": 0, ""spurious"": 297, ""tracks"": 115, ""wrong_track"": 105}","{""ambiguous_registrations"": 0, ""clusters"": 1409, ""dropped_ambiguous"": 124, ""matched"": 1238, ""registrations"": 0, ""spurious"": 171, ""tracks"": 89, ""wrong_track"": 15}"
T2nn-land,8,600.0,0.2872074410494309,0.1937012290859583,0.19020381823339164,280.0,4,4,9,0,0.6230333092593255,True,7098,47.046495661001245,0.1624160281662979,0.1638443557028048,0.35101778743038364,0.15857552379375597,0.17416138539513162,0.23308424142205927,0.07685471703638204,0.0761842044743534,0.14980958828711355,0.08550066791574487,0.09111231857169598,0.3605104621811633,b4681ec,"{""ambiguous_registrations"": 0, ""clusters"": 4270, ""dropped_ambiguous"": 1686, ""matched"": 4125, ""registrations"": 0, ""spurious"": 145, ""tracks"": 115, ""wrong_track"": 20}","{""ambiguous_registrations"": 0, ""clusters"": 200, ""dropped_ambiguous"": 9, ""matched"": 200, ""registrations"": 0, ""spurious"": 0, ""tracks"": 35, ""wrong_track"": 0}","{""ambiguous_registrations"": 0, ""clusters"": 2908, ""dropped_ambiguous"": 0, ""matched"": 2614, ""registrations"": 0, ""spurious"": 294, ""tracks"": 0, ""wrong_track"": 0}","{""ambiguous_registrations"": 0, ""clusters"": 1415, ""dropped_ambiguous"": 0, ""matched"": 1240, ""registrations"": 0, ""spurious"": 175, ""tracks"": 0, ""wrong_track"": 0}"
T1,9,600.0,0.1417504140624775,0.08876634326686576,0.08937698835140913,280.0,4,4,10,0,0.31856687186314003,True,17848,69.45243545699486,0.02223907023554911,0.022241222649517632,0.08384712917944001,0.15575801001525544,0.13261260614055265,0.18960806191231216,0.03727243903138777,0.03712809572429338,0.0624780994826309,0.13516796396891764,0.1253769647731486,0.18299630711792197,b4681ec,,,,
T2,9,600.0,0.1991732059607073,0.17536545097716885,0.16721438049680037,340.0,4,4,10,0,0.21998602657652236,True,8835,48.76763008200214,0.13727957619235467,0.13745812383165706,0.23316673917653552,0.17274799167564164,0.19138018663386935,0.2212446196362754,0.1111024614102104,0.10852480767432787,0.1674135888575023,0.1037863223458027,0.09932675080720609,0.16533796956627297,b4681ec,"{""ambiguous_registrations"": 0, ""clusters"": 4459, ""dropped_ambiguous"": 0, ""matched"": 4310, ""registrations"": 0, ""spurious"": 149, ""tracks"": 0, ""wrong_track"": 0}","{""ambiguous_registrations"": 0, ""clusters"": 214, ""dropped_ambiguous"": 0, ""matched"": 214, ""registrations"": 0, ""spurious"": 0, ""tracks"": 0, ""wrong_track"": 0}","{""ambiguous_registrations"": 0, ""clusters"": 2732, ""dropped_ambiguous"": 0, ""matched"": 2619, ""registrations"": 0, ""spurious"": 113, ""tracks"": 0, ""wrong_track"": 0}","{""ambiguous_registrations"": 0, ""clusters"": 1430, ""dropped_ambiguous"": 0, ""matched"": 1256, ""registrations"": 0, ""spurious"": 174, ""tracks"": 0, ""wrong_track"": 0}"
T2nn,9,600.0,1.8384516961792037,0.18036409869608655,0.16847810948307307,520.0,4,4,7,2,8.685427095510308,False,6639,52.315911258003325,0.12518982232660877,0.12468796169298399,0.5929111739561574,0.17527320831533272,0.20549718940827622,0.7684006282711345,2.8189876603932738,2.8126584387805478,3.4644930073556166,0.278455652243958,0.1688352460481136,0.7582371482532743,b4681ec,"{""ambiguous_registrations"": 0, ""clusters"": 4451, ""dropped_ambiguous"": 1870, ""matched"": 4307, ""registrations"": 0, ""spurious"": 144, ""tracks"": 135, ""wrong_track"": 27}","{""ambiguous_registrations"": 0, ""clusters"": 220, ""dropped_ambiguous"": 28, ""matched"": 220, ""registrations"": 0, ""spurious"": 0, ""tracks"": 38, ""wrong_track"": 1}","{""ambiguous_registrations"": 0, ""clusters"": 2731, ""dropped_ambiguous"": 276, ""matched"": 2621, ""registrations"": 0, ""spurious"": 110, ""tracks"": 88, ""wrong_track"": 109}","{""ambiguous_registrations"": 0, ""clusters"": 1433, ""dropped_ambiguous"": 22, ""matched"": 1257, ""registrations"": 0, ""spurious"": 176, ""tracks"": 103, ""wrong_track"": 14}"
T2reg,9,600.0,3.3538728080937044,0.1759047706029325,0.16551441636002878,520.0,4,4,7,3,8.852250855460062,False,7832,46.669076493999455,0.18014940497068002,0.18248773876770902,1.4779694703015016,0.3055929003359782,0.2296424712709577,0.932940953225565,4.239783064931639,4.241009591201252,5.031392340323768,4.320448968346576,2.9956595165981104,4.077274799650373,b4681ec,"{""ambiguous_registrations"": 8, ""clusters"": 4445, ""dropped_ambiguous"": 973, ""matched"": 4299, ""registrations"": 592, ""spurious"": 146, ""tracks"": 234, ""wrong_track"": 54}","{""ambiguous_registrations"": 0, ""clusters"": 214, ""dropped_ambiguous"": 3, ""matched"": 214, ""registrations"": 0, ""spurious"": 0, ""tracks"": 58, ""wrong_track"": 0}","{""ambiguous_registrations"": 0, ""clusters"": 2728, ""dropped_ambiguous"": 10, ""matched"": 2617, ""registrations"": 504, ""spurious"": 111, ""tracks"": 79, ""wrong_track"": 237}","{""ambiguous_registrations"": 0, ""clusters"": 1432, ""dropped_ambiguous"": 1, ""matched"": 1255, ""registrations"": 332, ""spurious"": 177, ""tracks"": 106, ""wrong_track"": 14}"
T2nn-uuv,9,600.0,1.7190093310691572,0.17493295021871333,0.16694040090912388,280.0,4,4,8,2,9.825815334784187,False,8539,55.60813228900224,0.13727957619235467,0.13742910924124055,0.4473271546244163,0.17274799167564164,0.20189636779341083,0.45668159463277735,2.8189876603932738,2.8210019610131685,3.310389449491065,0.278455652243958,0.15708539670646207,0.6727810578255413,b4681ec,"{""ambiguous_registrations"": 0, ""clusters"": 4459, ""dropped_ambiguous"": 0, ""matched"": 4310, ""registrations"": 0, ""spurious"": 149, ""tracks"": 0, ""wrong_track"": 0}","{""ambiguous_registrations"": 0, ""clusters"": 214, ""dropped_ambiguous"": 0, ""matched"": 214, ""registrations"": 0, ""spurious"": 0, ""tracks"": 0, ""wrong_track"": 0}","{""ambiguous_registrations"": 0, ""clusters"": 2731, ""dropped_ambiguous"": 276, ""matched"": 2621, ""registrations"": 0, ""spurious"": 110, ""tracks"": 88, ""wrong_track"": 109}","{""ambiguous_registrations"": 0, ""clusters"": 1433, ""dropped_ambiguous"": 22, ""matched"": 1257, ""registrations"": 0, ""spurious"": 176, ""tracks"": 103, ""wrong_track"": 14}"
T2nn-land,9,600.0,0.21314328252257345,0.18083341199645758,0.1686886667686965,280.0,4,4,10,0,0.25037491301455495,True,6935,56.62884373800625,0.12518982232660877,0.12479798144586612,0.2566076526707384,0.17527320831533272,0.19388887306212757,0.22865792330395804,0.1111024614102104,0.10967979125633802,0.17049302514609604,0.1037863223458027,0.09976535706693009,0.18579674543882047,b4681ec,"{""ambiguous_registrations"": 0, ""clusters"": 4451, ""dropped_ambiguous"": 1870, ""matched"": 4307, ""registrations"": 0, ""spurious"": 144, ""tracks"": 135, ""wrong_track"": 27}","{""ambiguous_registrations"": 0, ""clusters"": 220, ""dropped_ambiguous"": 28, ""matched"": 220, ""registrations"": 0, ""spurious"": 0, ""tracks"": 38, ""wrong_track"": 1}","{""ambiguous_registrations"": 0, ""clusters"": 2732, ""dropped_ambiguous"": 0, ""matched"": 2619, ""registrations"": 0, ""spurious"": 113, ""tracks"": 0, ""wrong_track"": 0}","{""ambiguous_registrations"": 0, ""clusters"": 1430, ""dropped_ambiguous"": 0, ""matched"": 1256, ""registrations"": 0, ""spurious"": 174, ""tracks"": 0, ""wrong_track"": 0}"
